n	potential_hex	potential	recurrence_upper	gap_lower	ratio_upper	evaluations
1	0x1.002554f92ba57p+0	1.0005696399999999	1.0000000000000009	0.00056963999999903858	1.0005696400000004	1694
2	0x1.80300df3cd5b8p+1	3.001466507	3.0009110225861257	0.00055548441387420755	0.75036662675000032	3388
3	0x1.7dfb014408ff9p+2	5.9684451259999998	5.9677335075405082	0.00071161845949152525	0.66316056955555569	6098
4	0x1.3c505e8e6f88cp+3	9.8848107130000002	9.88404040102259	0.00077031197741028723	0.61780066956250024	8272
5	0x1.d7cadbb86f6a1p+3	14.743512974	14.74279127595439	0.00072169804560928686	0.58974051896000024	10934
6	0x1.48a6a8584e4acp+4	20.540687890000001	20.539830872168483	0.00085701783151748135	0.57057466361111131	13252
7	0x1.b4613e19a7573p+4	27.273740864000001	27.272578074925601	0.0011627890743994838	0.55660695640816349	15904
8	0x1.1786a36f169f6p+5	34.940741412999998	34.939221706113784	0.0015197068862136118	0.54594908457812519	18433
9	0x1.5c52a35fc99cdp+5	43.540350674000003	43.538455842174351	0.0018948318256519767	0.53753519350617307	21298
10	0x1.a8928ad959c56p+5	53.071553895999998	53.069185786799707	0.002368109200290291	0.53071553896000023	23901
11	0x1.fc44baa9ac02dp+5	63.533559156000003	63.53069579013296	0.0028633658670429436	0.52507073682644656	26857
12	0x1.2bb3f38186414p+6	74.925733589000004	74.922335004510614	0.0033985844893891222	0.52031759436805569	29712
13	0x1.5cfd80c2c4468p+6	87.247561496000003	87.243602838759273	0.0039586572407301892	0.51625776033136117	32920
14	0x1.91fe9522c5049p+6	100.49861578300001	100.49401551794766	0.0046002650523462299	0.51274803970918381	36053
15	0x1.cab6d2a64466ap+6	114.67853793899999	114.67326845928433	0.0052694797156647146	0.50968239084000022	39749
16	0x1.0392f4c505d07p+7	129.787023694	129.78103318144014	0.0059905125598618261	0.50698056130468772	43151
17	0x1.23a5cac44dbc1p+7	145.823812613	145.81704082662833	0.006771786371672305	0.504580666480969	46824
18	0x1.4593cdeca9d95p+7	162.788680454	162.78110868057962	0.0075717734203806222	0.50243419893209895	50279
19	0x1.695ce4da01353p+7	180.68143349900001	180.67300327966296	0.0084302193370433525	0.50050258586980634	54054
20	0x1.8f00f997cad14p+7	199.50190424300001	199.49258423377995	0.0093200092200618184	0.49875476060750018	57651
21	0x1.b67ff92f3c94cp+7	219.249948002	219.23950496442939	0.010443037570610157	0.49716541497052169	61445
22	0x1.dfd9d349be8ffp+7	239.92544012499999	239.9138923415567	0.01154778344329088	0.49571371926652907	65073
23	0x1.05873cefe442dp+8	261.528273576	261.51555136270184	0.012722213298161476	0.49438236970888483	68864
24	0x1.1c0ef07833d48p+8	284.058356774	284.04432253923801	0.014034234761993501	0.49315686939930564	72505
25	0x1.3383ff1f4d80cp+8	307.51561160699998	307.50017177148561	0.015439835514371223	0.49202497857120014	76305
26	0x1.4be66489e071ap+8	331.89997159699999	331.88299221092473	0.016979386075263388	0.49097628934467463	80020
27	0x1.65361d036861bp+8	357.21138020799998	357.19274583533809	0.018634372661892936	0.49000189328943766	83856
28	0x1.7f732564869afp+8	383.44978931700001	383.42931965509933	0.02046966190067678	0.48909411902678585	87556
29	0x1.9a9d7afbc1237p+8	410.61515782800001	410.59269299607729	0.022464831922718528	0.48824632321997635	91395
30	0x1.b6b51b792d3d8p+8	438.70745046000002	438.68273143304117	0.024719026958848641	0.48745272273333351	95203
31	0x1.d3ba04dcb7eb3p+8	467.72663669100001	467.69954114288885	0.027095548111162767	0.486708258783559	99126
32	0x1.f1ac3566fb47fp+8	497.672689854	497.64302739633979	0.029662457660208471	0.48600848618554704	102915
33	0x1.0845d5c649eaap+9	528.54558638200001	528.51311357712302	0.032472804876988441	0.48534948244444454	106900
34	0x1.182c32f5bc966p+9	560.34530517300004	560.30985252542564	0.035452647574402356	0.48472777264100364	110765
35	0x1.288931a135a2dp+9	593.07182707899995	593.03318655428848	0.038640524711468054	0.4841402670032654	114810
36	0x1.395cd134fbe03p+9	626.72513448999996	626.68301894194883	0.042115548051128819	0.48358420871141983	118719
37	0x1.4aa711277a6d6p+9	661.30521100500005	661.25947407569981	0.04573692930023298	0.48305713002556627	122786
38	0x1.5c67f0f716aafp+9	696.812041174	696.762448578011	0.049592595988997339	0.48255681521745164	126737
39	0x1.6e9f70289c815p+9	733.24561030999996	733.19200594917686	0.053604360823101153	0.48208126910585153	130844
40	0x1.814d8e45ef5ebp+9	770.60590433300001	770.5480613852551	0.057842947744916266	0.48162869020812515	134847
41	0x1.94724add4b16ap+9	808.89290968099999	808.83059295676867	0.062316724231322944	0.48119744775788237	139121
42	0x1.a80da5809e872p+9	848.10661323299996	848.03970895342707	0.066904279572895561	0.48078606192346951	143360
43	0x1.bc1f9dc546e05p+9	888.24700227699998	888.17537892042651	0.071623356573468286	0.48039318673715542	147662
44	0x1.d0a83343ed485p+9	929.31406449400004	929.23733941361115	0.076725080388882802	0.4800175952964878	151915
45	0x1.e5a7659886db3p+9	971.30778795799995	971.22577550292397	0.082012455075982857	0.47965816689283963	156304
46	0x1.fb1d346288357p+9	1014.22816116	1014.1408792235494	0.087281936450608541	0.47931387578449919	160662
47	0x1.0884cfa28b6bfp+10	1058.0751730310001	1057.9824723783192	0.092700652680832704	0.47898378136306036	165144
48	0x1.13b652f3aa28bp+10	1102.8488129770001	1102.7504093401699	0.098403636830198579	0.4786670195212675	169597
49	0x1.1f2323fa5c385p+10	1148.5490709210001	1148.4448603642695	0.10421055673054978	0.47836279505247831	174233
50	0x1.2acb428eac11p+10	1195.1759373360001	1195.0657855451818	0.11015179081823588	0.47807037493440019	178911
51	0x1.36aeae8b1fd0ap+10	1242.729403287	1242.6130936005811	0.11630968641884463	0.47778908238638995	183790
52	0x1.42cd67ccd8605p+10	1291.2094604599999	1291.0869450767591	0.1225153832408523	0.47751829159023679	188764
53	0x1.4f276e33b097dp+10	1340.6161011910001	1340.4871600651336	0.12894112586650405	0.47725742299430424	194033
54	0x1.5bbcc1a24c45bp+10	1390.9493184800001	1390.8139156098221	0.13540287017804073	0.47700593912208517	199279
55	0x1.688d61fe30e1cp+10	1442.2091060140001	1442.0671705192631	0.14193549473702657	0.47676334083107458	204637
56	0x1.75994f2fbad01p+10	1494.3954581569999	1494.2467371052658	0.14872105173412817	0.47652916395312506	209897
57	0x1.82e089222099ep+10	1547.5083699530001	1547.3528109223225	0.15555903067752294	0.47630297628593427	215263
58	0x1.90630fc363e4dp+10	1601.547837112	1601.3852513106681	0.16258580133194298	0.47608437488466121	220539
59	0x1.9e20e3043bf9dp+10	1656.5138559899999	1656.3442875978537	0.169568392146175	0.47587298362252239	225885
60	0x1.ac1a02d7f58eap+10	1712.4064235589999	1712.2295698775936	0.17685368140632815	0.47566845098861121	231133
61	0x1.ba4e6f34528f6p+10	1769.2255373769999	1769.041127929954	0.18440944704593673	0.475470448099167	236463
62	0x1.c8be281158ba5p+10	1826.971195542	1826.7793924582477	0.19180308375234742	0.47527866689438109	241693
63	0x1.d7692d693b133p+10	1885.6433966709999	1885.44388721686	0.19950945413984297	0.47509281851121204	247003
64	0x1.e64f7f380da75p+10	1945.2421398290001	1945.0349685801789	0.20717124882116875	0.47491263179418963	252217
65	0x1.f5711d7bacdadp+10	2005.767424506	2005.5522907066697	0.21513379933026042	0.47473785195408297	257584
66	0x1.02670419be7e4p+11	2067.2192505570001	2066.9960743223783	0.22317623462186018	0.4745682393381544	262857
67	0x1.0a331fb01fa92p+11	2129.5976181619999	2129.3661483639698	0.23146979803004794	0.47440356831410124	268226
68	0x1.121ce181ffec5p+11	2192.9025278089998	2192.6628126197661	0.23971518923372057	0.4742436262562717	273515
69	0x1.1a244990c1142p+11	2257.1339801570002	2256.8857847481504	0.24819540884982413	0.47408821259336287	278874
70	0x1.224957de63d6ap+11	2322.2919761610001	2322.035111468364	0.25686469263609973	0.47393713799204096	284161
71	0x1.2a8c0c6d1240ep+11	2388.3765168529999	2388.1108220518076	0.26569480119223948	0.47379022353759187	289548
72	0x1.32ec673f40768p+11	2455.387603403	2455.1129576392191	0.27464576378088162	0.47364730003915906	294855
73	0x1.3b6a6857a6405p+11	2523.3252371069998	2523.0414715032621	0.28376560373772003	0.47350820737605565	300301
74	0x1.44060fb92dde9p+11	2592.1894193550002	2591.8962746667262	0.29314468827396917	0.47337279389243991	305663
75	0x1.4cbf5d66de058p+11	2661.9801515899999	2661.6776198278553	0.30253176214455374	0.47324091583822236	311113
76	0x1.55965163b9a7ap+11	2732.6974352480001	2732.3853152029469	0.31212004505323415	0.47311243685041565	316483
77	0x1.5e8aebb2cefd6p+11	2804.3412717860001	2804.0192949321467	0.32197685385335711	0.4729872274896274	321947
78	0x1.679d2c57308aep+11	2876.9116626690002	2876.5797301597868	0.33193250921340217	0.47286516480424085	327327
79	0x1.70cd1353f15d9p+11	2950.4086093629999	2950.066479885958	0.34212947704190805	0.47274613192805648	332834
80	0x1.7a1aa0ac1f24bp+11	3024.8321133240001	3024.4792229821442	0.35289034185598206	0.47263001770687518	338271
81	0x1.8385d462c78f4p+11	3100.1821760080002	3099.8183412513804	0.36383475661978076	0.4725167163554338	343798
82	0x1.8d0eae7aefb56p+11	3176.4587988550002	3176.0844161661034	0.37438268889673049	0.47240612713489011	349253
83	0x1.96b52ef79e4b7p+11	3253.6619833079999	3253.2768241885915	0.38515911940839936	0.47229815405835396	354796
84	0x1.a07955dbd7e03p+11	3331.791730806	3331.3956918011268	0.39603900487327331	0.4721927056130954	360316
85	0x1.aa5b232aa6609p+11	3410.8480427979998	3410.4410325398444	0.40701025815542374	0.47208969450491367	365904
86	0x1.b45a96e713304p+11	3490.8309207319999	3490.4127595365871	0.41816119541272195	0.47198903741644149	371414
87	0x1.be77b1143ca2fp+11	3571.7403660949999	3571.3109161993202	0.42944989567968145	0.47189065478861159	376998
88	0x1.c8b271b54919fp+11	3653.576380389	3653.1355332589847	0.44084713001529957	0.47179447060808383	382601
89	0x1.d30ad8cd71378p+11	3736.3389651500001	3735.8865315514277	0.45243359857249738	0.47170041221436704	388313
90	0x1.dd80e6600988ap+11	3820.0281219660001	3819.5640016775656	0.46412028843451475	0.47160841011925941	393949
91	0x1.e8149a707851ep+11	3904.6438524579999	3904.1679040928448	0.47594836515509081	0.47151839783335353	399657
92	0x1.f2c5f5024a7f7p+11	3990.1861583189998	3989.6981852749936	0.48797304400613933	0.47143031171065702	405307
93	0x1.fd94f61921643p+11	4076.6550412800002	4076.1544943406934	0.50054693930678684	0.47134409079431161	411054
94	0x1.0440cedc6684p+12	4164.0505031590001	4163.5376580756456	0.51284508335447743	0.47125967668164337	416743
95	0x1.09c5f5f29dc1cp+12	4252.3725458299996	4251.8469275990983	0.5256182309012728	0.47117701338836571	422508
96	0x1.0f59f0514086dp+12	4341.621171238	4341.0828939599378	0.53827727806219616	0.47109604722634557	428203
97	0x1.14fcbdfa6a1c8p+12	4431.7963813919996	4431.2453125662096	0.55106882579002547	0.47101672668636424	433989
98	0x1.1aae5ef04783dp+12	4522.8981783669997	4522.3341467203963	0.56403164660332539	0.47093900232892555	439701
99	0x1.206ed3352050ep+12	4614.9265643369999	4614.3493615518819	0.57720278511806089	0.47086282668472618	445473
100	0x1.263e1acb40a81p+12	4707.8815414930004	4707.2909240230647	0.59061746993575059	0.4707881541493002	451199
101	0x1.2c1c35b5156d7p+12	4801.7631121479999	4801.159037434838	0.60407471316193539	0.4707149409026567	457034
102	0x1.320923f50c982p+12	4896.5712786189997	4895.9535008892881	0.61777772971163347	0.47064314481151492	462864
103	0x1.3804e58da9dd7p+12	4992.306043304	4991.6746654728086	0.63137783119145741	0.47057272535620709	468748
104	0x1.3e0f7a8182656p+12	5088.9674086659998	5088.3221491967915	0.64525946920821287	0.4705036435526998	474599
105	0x1.4428e2d332978p+12	5186.5553771949999	5185.8961858514176	0.65919134358227882	0.47043586187709763	480512
106	0x1.4a511e8563bddp+12	5285.069951429	5284.3967176826054	0.67323374639454403	0.47036934419980436	486375
107	0x1.50882d9ac842dp+12	5384.51113394	5383.8237602101235	0.68737372987652623	0.47030405572015038	492286
108	0x1.56ce101618342p+12	5484.8789273210004	5484.1771441581814	0.70178316281908326	0.47023996290474979	498176
109	0x1.5d22c5fa0ed7ep+12	5586.1733341769996	5585.4571179310269	0.71621624597264588	0.4701770334295936	504126
110	0x1.63864f497457p+12	5688.3943571609998	5687.6635569270302	0.73080023396960303	0.47011523612900841	510024
111	0x1.69f8ac071f145p+12	5791.5419989789998	5790.7957277258547	0.74627125314509601	0.47005454094464744	516015
112	0x1.7079dc35bfdep+12	5895.6162621969997	5894.8550883909011	0.76117380609866803	0.46999491886136807	521956
113	0x1.7709dfd83d76ep+12	6000.6171495819999	5999.8408592114865	0.77629037051337935	0.46993634188910655	527978
114	0x1.7da8b6f14d3d5p+12	6106.5446637169998	6105.7531861890966	0.79147752790322545	0.46987878298838115	533948
115	0x1.84566183d4e14p+12	6213.3988073649998	6212.5919942714572	0.8068130935425869	0.46982221605784508	539962
116	0x1.8b12df927b87p+12	6321.1795830560004	6320.3572607065789	0.82232234942148341	0.46976661586325813	545959
117	0x1.91de312036b4dp+12	6429.886993612	6429.0489492155493	0.8380443964506411	0.4697119580401784	552012
118	0x1.98b8562fb2a8cp+12	6539.5210415820002	6538.6672595823511	0.85378199964907242	0.46965821901623117	558005
119	0x1.9fa14ec39d3dp+12	6650.0817295209999	6649.211707951883	0.87002156911694317	0.46960537599894087	564075
120	0x1.a6991adee3ea6p+12	6761.5690602209997	6760.6829832013791	0.886077019620643	0.46955340695979181	570093
121	0x1.ad9fba843c98cp+12	6873.983036267	6873.0805441886087	0.90249207839133294	0.46950229057216047	576208
122	0x1.b4b52db65a3cp+12	6987.3236602329998	6986.4048182597035	0.91884197329636652	0.46945200619678862	582275
123	0x1.bbd97477e9e04p+12	7101.5909346709996	7100.6555678064524	0.93536686454717699	0.46940253385359254	588419
124	0x1.c30c8ecb9dab5p+12	7216.7848621519997	7215.8328335250108	0.9520286269889765	0.46935385419823117	594558
125	0x1.ca4e7cb42afb9p+12	7332.9054452589999	7331.9366333616226	0.96881189737723605	0.46930594849657614	600731
126	0x1.d19f3e344509ap+12	7449.9526865669995	7448.9665831757384	0.98610339126116731	0.46925879859958447	606899
127	0x1.d8fed34ea0212p+12	7567.9265886550002	7566.9233254497412	1.0032632052589177	0.46921238692138406	613113
128	0x1.e06d3c05f7437p+12	7686.8271541269996	7685.8066180209134	1.0205361060861831	0.46916669641888442	619276
129	0x1.e7ea785cfab57p+12	7806.6543855469999	7805.6164492226326	1.0379363243673649	0.4691217105670934	625489
130	0x1.ef76885656f9bp+12	7927.4082854649996	7926.3528346486064	1.0554508163932039	0.46907741334112435	631667
131	0x1.f7116bf4b9ea9p+12	8049.0888564360002	8048.0156495469646	1.0732068890356457	0.46903378919853167	637901
132	0x1.febb233ac5092p+12	8171.6961009690003	8170.6050784004692	1.0910225685311159	0.46899082305836787	644112
133	0x1.0339d71599ab7p+13	8295.2300216679996	8294.1207077851122	1.1093138828873632	0.46894850029215907	650369
134	0x1.071d866452a12p+13	8419.6906210380002	8418.5631925726229	1.1274284653773063	0.46890680669625767	656619
135	0x1.0b089f8ae96c6p+13	8545.0779016720007	8543.9322197759866	1.1456818960141388	0.46886572848680397	662930
136	0x1.0efb228ab7201p+13	8671.3918661410007	8670.2277713307667	1.1640948102340187	0.46882525227838467	669195
137	0x1.12f50f6511741p+13	8798.6325169909996	8797.4498957258147	1.1826212651849344	0.4687853650695829	675519
138	0x1.16f6661b519dbp+13	8926.7998567939994	8925.5984351317475	1.2014216622519596	0.46874605423198912	681803
139	0x1.1aff26aed44f9p+13	9055.8938881480008	9054.6733246720705	1.2205634759302482	0.46870730749692058	688158
140	0x1.1f0f5120f506fp+13	9185.9146136420004	9184.6750274983206	1.2395861436798439	0.46866911294091851	694500
141	0x1.2326e5730eb7dp+13	9316.8620358610005	9315.6033752460371	1.2586606149634461	0.46863145897394515	700874
142	0x1.2745e3a67dadbp+13	9448.7361574000006	9447.4577892125944	1.2783681874061583	0.46859433432850639	707239
143	0x1.2b6c4bbc9f46fp+13	9581.5369808619998	9580.2391948604381	1.2977860015616896	0.46855772804841322	713638
144	0x1.2f9a1db6d1f4ep+13	9715.2645088579993	9713.9471232138367	1.317385644162641	0.46852162947810577	720022
145	0x1.33cf599670446p+13	9849.9187439699999	9848.5813272334271	1.3374167365727769	0.46848602825065411	726459
146	0x1.380bff5cd619dp+13	9985.4996887899997	9984.1424324724303	1.3572563175694083	0.46845091427988378	732869
147	0x1.3c500f0b61c42p+13	10122.007345927999	10120.629994151304	1.3773517766949224	0.46841627775130745	739350
148	0x1.409b88a376ce5p+13	10259.441718033	10258.044109327513	1.3976087054870729	0.46838210911399758	745820
149	0x1.44ee6c26722fap+13	10397.802807705	10396.384943408562	1.4178642964379831	0.46834839906783493	752359
150	0x1.4948b995a463fp+13	10537.090617451	10535.6523276061	1.4382898449002821	0.46831513855337792	758887
151	0x1.4daa70f27a391p+13	10677.305149989001	10675.845956646077	1.459193342923754	0.46828231875746695	765455
152	0x1.5213923e46954p+13	10818.446407844	10816.966475103891	1.4799327401087792	0.46824993108743085	772002
153	0x1.56841d7a6021p+13	10960.514393568999	10959.013617887076	1.500775681923187	0.46821796717369396	778604
154	0x1.5afc12a832528p+13	11103.509109872	11101.987156936426	1.5219529355745178	0.46818641886793738	785199
155	0x1.5f7b71c8fe588p+13	11247.430559146	11245.887345879843	1.5432132661571811	0.46815527821627484	791863
156	0x1.64023ade35d5dp+13	11392.278744145	11390.713824669103	1.5649194758971132	0.46812453748130356	798512
157	0x1.68906de91bda5p+13	11538.053667276001	11536.467354786291	1.5863124897095984	0.46809418910608963	805222
158	0x1.6d260aeb0c28p+13	11684.75533113	11683.147433840029	1.6078972899704238	0.46806422573025169	811890
159	0x1.71c311e56d1b8p+13	11832.383738377001	11830.754165613736	1.6295727632641499	0.468034640179463	818609
160	0x1.766782d96b15dp+13	11980.938891255	11979.287484944727	1.6514063102731595	0.46800542543964857	825283
161	0x1.7b135dc880b7dp+13	12130.420792585001	12128.746986807762	1.6738057772381578	0.46797657469175585	832014
162	0x1.7fc6a2b3f850cp+13	12280.829444827999	12279.133450445008	1.6959943829915571	0.46794808126916643	838759
163	0x1.8481519cff771p+13	12432.164850231	12430.446575216756	1.7182750142437724	0.46791993865900122	845569
164	0x1.89436a850743fp+13	12584.427011543999	12582.686141666092	1.7408698779072436	0.46789214052439038	852372
165	0x1.8e0ced6d6417cp+13	12737.615931303	12735.852481945274	1.7634493577261308	0.46786468067228665	859244
166	0x1.92ddda5751397p+13	12891.731611857	12889.945062909652	1.7865489473479099	0.46783755305040653	866113
167	0x1.97b631440f2c2p+13	13046.774055594	13044.964444620919	1.8096109730813621	0.46781075175137166	873080
168	0x1.9c95f234e58fep+13	13202.743264954999	13200.910647042007	1.8326179129926456	0.46778427100889325	880063
169	0x1.a17d1d2b3d92dp+13	13359.639242630999	13357.783469612163	1.8557730188367711	0.46775810520048333	887101
170	0x1.a66bb2285d5b1p+13	13517.461991052	13515.58296565682	1.879025395179269	0.46773224882532888	894133
171	0x1.ab61b12d847b3p+13	13676.211512599	13674.308513994136	1.9029986048644785	0.46770669650829333	901238
172	0x1.b05f1a3bf3baep+13	13835.887809661999	13833.961216920221	1.926592741778222	0.46768144299831005	908361
173	0x1.b563ed54ec492p+13	13996.490884634	13994.54051772562	1.9503669083806014	0.4676564831646231	915551
174	0x1.ba702a79b17a7p+13	14158.020739924001	14156.04644488142	1.9742950425807064	0.46763181199379067	922761
175	0x1.bf83d1ab874f3p+13	14320.477377945999	14318.47868325182	1.9986946941789936	0.46760742458599192	930055
176	0x1.c49ee2ebb11c2p+13	14483.860801109	14481.837948575028	2.0228525339716721	0.46758331615150456	937361
177	0x1.c9c15e3b72e19p+13	14648.171011827	14646.12335399264	2.0476578343605065	0.46755948200794811	944747
178	0x1.ceeb439c11907p+13	14813.408012521	14811.335790304833	2.0722222161675741	0.4675359175773578	952178
179	0x1.d41c930ed23c1p+13	14979.571805613001	14977.47451202615	2.0972935868503551	0.4675126183831031	959683
180	0x1.d9554c9500adap+13	15146.662393574999	15144.540268066719	2.1221255082800776	0.46748958004861124	967242
181	0x1.de95702fdf8e1p+13	15314.679778811	15312.532616107876	2.1471627031241947	0.46746679829098636	974898
182	0x1.e3dcfde0a61d9p+13	15483.623963640001	15481.45155554502	2.1724080949807099	0.46744426891800517	982682
183	0x1.e92bf5a8958afp+13	15653.494950455	15651.297132117101	2.1978183378996614	0.46742198783048178	990704
184	0x1.ee825788f598bp+13	15824.292741698	15822.069261596076	2.2234801019239963	0.46739995101896281	998680
185	0x1.f3e02382fd64bp+13	15996.017339687	15993.768381450836	2.2489582361631615	0.46737815455623088	1006715
186	0x1.f9455997dc21ap+13	16168.668746681	16166.394372646057	2.2743740349433206	0.46735659459709222	1014749
187	0x1.feb1f9c8e5a65p+13	16342.246965212	16339.946914406233	2.3000508057666589	0.46733526738574171	1022840
188	0x1.0213020ba5834p+14	16516.751997553001	16514.425684032962	2.3263135200395477	0.46731416923814523	1030895
189	0x1.04d0bc421cec3p+14	16692.183845951	16689.831543012817	2.3523029381831289	0.46729329654687735	1038995
190	0x1.07922b8888691p+14	16868.542513019001	16866.164127704662	2.3783853143395386	0.46727264579000011	1047051
191	0x1.0a574fdf6c61bp+14	17045.828000730002	17043.423336218842	2.404664511159353	0.46725221350100071	1055166
192	0x1.0d2029477f81ap+14	17224.040311805998	17221.608714630183	2.4315971758151131	0.46723199630550133	1063253
193	0x1.0fecb7c142913p+14	17403.179448166	17400.721203804362	2.4582443616382075	0.46721199087669479	1071395
194	0x1.12bcfb4d6d5ffp+14	17583.245412549	17580.760463774554	2.4849487744468202	0.46719219397781392	1079495
195	0x1.1590f3ec7dd35p+14	17764.238206831	17761.726158495396	2.5120483356040491	0.46717260241501657	1087702
196	0x1.1868a19f2b98ap+14	17946.157833748999	17943.618887425226	2.5389463237734158	0.46715321308176294	1095865
197	0x1.1b440465f51ecp+14	18129.004295186998	18126.438276924218	2.5660182627798345	0.46713402291187617	1104073
198	0x1.1e231c418d1bcp+14	18312.777593808001	18310.184418146473	2.5931756615282207	0.46711502892072254	1112215
199	0x1.2105e9327ead6p+14	18497.477731685001	18494.856162196091	2.6215694889106085	0.46709622816810198	1120382
200	0x1.23ec6b3958f85p+14	18683.104710951	18680.455413982898	2.6492969681021346	0.46707761777377516	1128511
201	0x1.26d6a256d21ecp+14	18869.658534319999	18866.981610520656	2.6769237993430575	0.46705919492883846	1136669
202	0x1.29c48e8b66d0fp+14	19057.13920365	19054.434515613008	2.7046880369925925	0.46704095685839631	1144771
203	0x1.2cb62fd7af652p+14	19245.546721211002	19242.813672664204	2.7330485467973626	0.46702290085202275	1152918
204	0x1.2fab863c5b364p+14	19434.881089615999	19432.119999007769	2.7610906082300057	0.46700502426028462	1161017
205	0x1.32a491b9eafb7p+14	19625.142310783001	19622.352931326484	2.7893794565170533	0.46698732446836427	1169184
206	0x1.35a15250e756cp+14	19816.330386747999	19813.512209096116	2.8181776518831607	0.4669697989147894	1177317
207	0x1.38a1c80206037p+14	20008.445320219002	20005.598513216082	2.8468070029193764	0.46695244510301309	1185497
208	0x1.3ba5f2cdd4ac1p+14	20201.487113307001	20198.611695714491	2.8754175925096201	0.46693526057015083	1193627
209	0x1.3eadd2b4d8a91p+14	20395.455767998999	20392.551516847019	2.9042511519801333	0.46691824289734679	1201812
210	0x1.41b967b79af2ap+14	20590.351286336001	20587.417644612739	2.9336417232625531	0.46690138971283462	1209971
211	0x1.44c8b1d6ca49p+14	20786.173670921999	20783.210192139213	2.9634787827853866	0.46688469870223054	1218177
212	0x1.47dbb112fd665p+14	20982.922924003	20979.930170168405	2.9927538345946227	0.46686816758639654	1226353
213	0x1.4af2656cbeab6p+14	21180.599047641001	21177.57573741657	3.0233102244310426	0.46685179412464467	1234582
214	0x1.4e0ccee493d7ap+14	21379.202043828998	21376.149145823856	3.0528980051421963	0.46683557611645132	1242798
215	0x1.512aed7b065b9p+14	21578.731914615	21575.649356446938	3.0825581680619503	0.46681951140324512	1251047
216	0x1.544cc130ab54cp+14	21779.188662221	21776.075885750943	3.1127764700577241	0.46680359786996323	1259252
217	0x1.57724a062f916p+14	21980.572289222	21977.4296329112	3.1426563107997931	0.46678783344776931	1267521
218	0x1.5a9b87fc1cb56p+14	22182.882797669001	22179.710025779386	3.1727718896145229	0.46677221609437353	1275742
219	0x1.5dc87b12f91adp+14	22386.120189564001	22382.917265176889	3.2029243871111244	0.46675674380359056	1283996
220	0x1.60f9234b5a354p+14	22590.284467133999	22587.050590868912	3.233876265087019	0.46674141461020674	1292218
221	0x1.642d80a5cd03bp+14	22795.375632480002	22792.111189858279	3.2644426217229916	0.46672622658176555	1300489
222	0x1.67659322d21aap+14	23001.393687518001	22998.098600114983	3.2950874030175323	0.46671117781669519	1308726
223	0x1.6aa15ac3060acp+14	23208.338634580999	23205.012235363705	3.3263992172942376	0.46669626645581058	1317043
224	0x1.6de0d786ec6ddp+14	23416.21047563	23412.853104438735	3.3573711912649737	0.46668149066545767	1325324
225	0x1.7124096f11523p+14	23625.009212752	23621.620569037052	3.3886437149485569	0.46666684864695324	1333638
226	0x1.746af07c10e17p+14	23834.734848274002	23831.314420313305	3.4204279606965424	0.4666523386379906	1341914
227	0x1.77b58cae5f125p+14	24045.387383924	24041.935538827187	3.4518450968134853	0.46663795889545712	1350229
228	0x1.7b03de06a86e5p+14	24256.966822273	24253.483459679028	3.4833625939718327	0.46662370772301104	1358498
229	0x1.7e55e48559acdp+14	24469.473164940999	24465.957687224709	3.5154777162897513	0.46660958343549908	1366802
230	0x1.81aba02b2104dp+14	24682.906414524001	24679.359139052263	3.5472754717375206	0.46659558439553889	1375080
231	0x1.850510f8685c1p+14	24897.266572600001	24893.687348071489	3.5792245285119857	0.46658170897471951	1383420
232	0x1.886236ede63bdp+14	25112.553641889001	25108.941701927713	3.6119399612871343	0.46656795559395448	1391742
233	0x1.8bc3120bfea22p+14	25328.767623881002	25325.123281614844	3.6443422661577638	0.46655432267827757	1400107
234	0x1.8f27a2535ff96p+14	25545.908521174999	25542.231819780827	3.6767013941716864	0.46654080869995995	1408446
235	0x1.928fe7c476d6cp+14	25763.976335389001	25760.266397392948	3.7099379960527581	0.4665274121392306	1416830
236	0x1.95fbe25fd8357p+14	25982.971068743002	25979.228518850596	3.7425498924058043	0.46651413151290955	1425176
237	0x1.996b92261740ep+14	26202.892723429999	26199.116965792356	3.7757576376425273	0.46650096536221058	1433563
238	0x1.9cdef7179a2e2p+14	26423.741300973001	26419.931480186009	3.8098207869916219	0.46648791224089065	1441951
239	0x1.a056113515fb3p+14	26645.516804069001	26641.673932665686	3.8428714033143474	0.46647497074751859	1450374
240	0x1.a3d0e07ef7b56p+14	26868.219234343	26864.342562991413	3.8766713515869919	0.46646213948512166	1458761
241	0x1.a74f64f5b8a0cp+14	27091.848593602001	27087.938560303388	3.9100332986126882	0.46644941708307375	1467177
242	0x1.aad19e9a0a93fp+14	27316.404884496002	27312.461384466675	3.9435000293269691	0.46643680220777284	1475535
243	0x1.ae578d6c55c74p+14	27541.888108578001	27537.910437760369	3.977670817632315	0.46642429352873049	1483938
244	0x1.b1e1316d11144p+14	27768.298267619	27764.286656601329	4.0116110176713837	0.46641188974098036	1492305
245	0x1.b56e8a9cf1bdcp+14	27995.635364319998	27991.589388543565	4.0459757764328961	0.46639958957634331	1500707
246	0x1.b8ff98fc6aec8p+14	28223.899400397	28219.819245282932	4.0801551140684742	0.46638739177072192	1509131
247	0x1.bc945c8be06aep+14	28453.090377337001	28448.976015603108	4.114361733893019	0.46637529507674297	1517586
248	0x1.c02cd54bf134p+14	28683.208297509002	28679.05917883461	4.1491186743915014	0.46636329828155915	1525997
249	0x1.c3c9033d37a19p+14	28914.253163213001	28910.068739924453	4.1844232885487136	0.46635140019052934	1534425
250	0x1.c768e66026752p+14	29146.224976158999	29142.00579673229	4.21917942670916	0.4663395996185441	1542807
251	0x1.cb0c7eb522ae8p+14	29379.123737852002	29374.869251911041	4.2544859409608753	0.46632789539613678	1551218
252	0x1.ceb3cc3cbf56ap+14	29612.949450483	29608.659954255279	4.2894962277205186	0.46631628638326739	1559609
253	0x1.d25ecef7a86dap+14	29847.702116615001	29843.377053271281	4.3250633437201023	0.46630477146362248	1568056
254	0x1.d60d86e64681bp+14	30083.381737806001	30079.021378740556	4.360359065445663	0.46629334952269225	1576475
255	0x1.d9bff4090a2eap+14	30319.988315734001	30315.592619567873	4.3956961661278902	0.46628201946534431	1584931
256	0x1.dd76166077b9fp+14	30557.521852369999	30553.090041286589	4.4318110834101381	0.46627078021804824	1593353
257	0x1.e12feded06533p+14	30795.982349490001	30791.514868067519	4.4674814224817956	0.46625963072097998	1601810
258	0x1.e4ed7aaf6283bp+14	31035.369809665001	31030.866077431794	4.5037322332063914	0.46624856994268687	1610233
259	0x1.e8aebca80973fp+14	31275.68423476	31271.144412796835	4.5398219631642851	0.46623759685693422	1618698
260	0x1.ec73b3d75e876p+14	31516.925626256001	31512.349164179868	4.5764620761328834	0.46622671044757408	1627153
261	0x1.f03c603df4e96p+14	31759.093986346001	31754.481306943497	4.612679402503999	0.46621590972454907	1635645
262	0x1.f408c1dc24a5fp+14	32002.189316341999	31997.539822433548	4.6494939084514035	0.46620519369998847	1644117
263	0x1.f7d8d8b2888f1p+14	32246.211618550999	32241.525042617912	4.6865759330867141	0.46619456141553306	1652632
264	0x1.fbaca4c189556p+14	32491.160894533001	32486.437660237607	4.7232342953939215	0.46618401191650893	1661121
265	0x1.ff842609e075fp+14	32737.037147052	32732.276514021181	4.7606330308190072	0.46617354427984348	1669674
266	0x1.01afae45f17bep+15	32983.840377375003	32979.042725369545	4.7976520054580751	0.46616315757497617	1678195
267	0x1.039f242418b91p+15	33231.570587895003	33226.735229598402	4.8353582966010427	0.46615285090119107	1686755
268	0x1.0590749f8d798p+15	33480.227779790002	33475.355142917353	4.8726368726493083	0.4661426233541715	1695285
269	0x1.07839fb8a3b9cp+15	33729.811955562996	33724.901970166982	4.9099853960142346	0.46613247406148345	1703842
270	0x1.0978a56f81982p+15	33980.323116350002	33975.375190400868	4.9479259491345138	0.46612240214471895	1712357
271	0x1.0b6f85c47974cp+15	34231.761264606001	34226.775521946409	4.9857426595917778	0.46611240675652577	1720917
272	0x1.0d6840b7bbffbp+15	34484.126401781999	34479.102282989486	5.0241187925130353	0.46610248704830787	1729478
273	0x1.0f62d64985ec2p+15	34737.418529686998	34732.356294540172	5.0622351468264233	0.46609264218877228	1738080
274	0x1.115f467a22b0ep+15	34991.637650570003	34986.53593541064	5.1017151593623558	0.46608287136461735	1746658
275	0x1.135d9149b70bdp+15	35246.783765526001	35241.64379193879	5.1399735872109877	0.46607317375902158	1755273
276	0x1.155db6b89a5d3p+15	35502.856877159	35497.678023920162	5.1788532388382	0.46606354858694349	1763862
277	0x1.175fb6c700156p+15	35759.856987002	35754.639444896653	5.2175421053470918	0.46605399506056389	1772513
278	0x1.1963917518b96p+15	36017.784096500996	36012.527155372423	5.2569411285730885	0.46604451240232136	1781138
279	0x1.1b6946c33bc34p+15	36276.638208263001	36271.342264396699	5.2959438663019673	0.4660350998607804	1789802
280	0x1.1d70d6b194af7p+15	36536.419323583999	36531.083841037638	5.3354825463611624	0.46602575667836749	1798440
281	0x1.1f7a414057444p+15	36797.127444006997	36791.752887847266	5.3745561597315819	0.46601648211151081	1807136
282	0x1.2185866fdfea7p+15	37058.762572286003	37053.34827959301	5.4142926929926025	0.46600727544245779	1815804
283	0x1.2392a6405b0efp+15	37321.324709745	37315.870899070243	5.4538106747568227	0.46599813594557316	1824522
284	0x1.25a1a0b1f586p+15	37584.813857720001	37579.320034784403	5.4938229355975627	0.4659890629056736	1833202
285	0x1.27b275c509bd7p+15	37849.230018905997	37843.696404372902	5.5336145330948048	0.46598005563442302	1841897
286	0x1.29c52579cb0bfp+15	38114.573194832999	38108.99863068368	5.5745641493194844	0.4659711134387135	1850572
287	0x1.2bd9afd0654c8p+15	38380.843386808003	38375.228618797228	5.6147680107751503	0.46596223563243472	1859286
288	0x1.2df014c914a04p+15	38648.040596623003	38642.385151860079	5.6554447629241613	0.46595342154493408	1867972
289	0x1.3008546427a57p+15	38916.164826621003	38910.469071290798	5.6957553302054285	0.4659446705214379	1876702
290	0x1.32226ea1d642ep+15	39185.216078468002	39179.479413677509	5.736664790492795	0.46593598190806196	1885398
291	0x1.343e63824cc35p+15	39455.194353484003	39449.416965408134	5.7773880758686564	0.46592735505584504	1894133
292	0x1.365c3305b8b7dp+15	39726.099653026999	39720.28111084667	5.8185421803282216	0.46591878932523706	1902842
293	0x1.387bdd2c7c823p+15	39997.931980029003	39992.072508510391	5.8594715186118256	0.46591028410382196	1911594
294	0x1.3a9d61f6c1346p+15	40270.691335714	40264.790319769243	5.9010159447570905	0.46590183876757385	1920335
295	0x1.3cc0c164c52f2p+15	40544.377721940997	40538.435496635582	5.9422253054144667	0.46589345270831378	1929109
296	0x1.3ee5fb76aa11ap+15	40818.991139712001	40813.007056184899	5.9840835271024835	0.46588512531628939	1937853
297	0x1.410d102cb58d1p+15	41094.531591104002	41088.506106419045	6.0254846849566084	0.46587685600226753	1946620
298	0x1.4335ff872fc5dp+15	41370.999078266999	41364.931259572877	6.0678186941222512	0.46586864418570123	1955367
299	0x1.4560c9865b09ap+15	41648.393603176999	41642.28354065575	6.110062521249346	0.46586048929180895	1964168
300	0x1.478d6e2a5bfcbp+15	41926.715166925998	41920.563245793812	6.1519211321865432	0.46585239074362234	1972949
301	0x1.49bbed73738c9p+15	42205.963771449002	42199.76931276403	6.1944586849713223	0.46584434798124763	1981769
302	0x1.4bec4761c3472p+15	42486.139417746002	42479.902658780615	6.2367589653877067	0.46583636044193255	1990567
303	0x1.4e1e7bf598b7bp+15	42767.242108127997	42760.962589976371	6.2795181516266885	0.46582842758474674	1999404
304	0x1.50528b2f2dc8ap+15	43049.271844321003	43042.949386994012	6.3224573269908424	0.46582054886947083	2008234
305	0x1.5288750ed2783p+15	43332.228628709003	43325.863547804664	6.3650809043392647	0.46581272377005123	2017099
306	0x1.54c03994a216ap+15	43616.112462106001	43609.704200869819	6.4082612361817146	0.46580495175045933	2025942
307	0x1.56f9d8c0e38a8p+15	43900.923346625001	43894.472230806772	6.4511158182285717	0.4657972322955683	2034818
308	0x1.59355293c5331p+15	44186.661283647998	44180.166554538569	6.4947291094285893	0.46578956488918882	2043666
309	0x1.5b72a70d7193dp+15	44473.326274441999	44466.787937278277	6.5383371637217342	0.46578194902066394	2052556
310	0x1.5db1d62e342c1p+15	44760.918321256999	44754.336658439737	6.5816628172615301	0.4657743841962228	2061418
311	0x1.5ff2dff627fecp+15	45049.437424898002	45042.811897840656	6.6255270573456064	0.46576686991344191	2070305
312	0x1.6235c465acf1dp+15	45338.883588222998	45332.214542887996	6.6690453350020098	0.46575940569755725	2079164
313	0x1.647a837cfd11fp+15	45629.256812961998	45622.543490679469	6.7133222825286785	0.46575199106821558	2088081
314	0x1.66c11d3c33a6cp+15	45920.557099928003	45913.799218318542	6.7578816094610366	0.46574462554188822	2096986
315	0x1.690991a3a7ff2p+15	46212.784451722997	46205.982563290614	6.8018884323828379	0.46573730865933999	2105930
316	0x1.6b53e0b383d92p+15	46505.938869591002	46499.09230361713	6.8465659738722016	0.46573003995344309	2114854
317	0x1.6da00a6be51a4p+15	46800.020354423003	46793.127940774895	6.892413648107321	0.46572281895951811	2123836
318	0x1.6fee0ecd26c27p+15	47095.028908931003	47088.091993381357	6.9369155496460726	0.465715645236848	2132815
319	0x1.723dedd7724adp+15	47390.964534350998	47383.982507004781	6.9820273462173637	0.46570851833561988	2141835
320	0x1.748fa78ae28b7p+15	47687.827231483003	47680.799023700223	7.0282077827796448	0.46570143780745132	2150841
321	0x1.76e33be7d3637p+15	47985.617003065003	47978.543279487858	7.0737235771448459	0.46569440322847233	2159882
322	0x1.7938aaee72a01p+15	48284.333850461997	48277.214602276479	7.1192481855177894	0.46568741416671822	2168912
323	0x1.7b8ff49ee19bdp+15	48583.977774667997	48576.812823354223	7.164951313774508	0.4656804701920656	2177983
324	0x1.7de918f95ed9bp+15	48884.548777545999	48877.338425762413	7.210351783585792	0.46567357088806977	2187032
325	0x1.804417fe33ef7p+15	49186.046861289004	49178.790546120945	7.2563151680587898	0.46566671584652319	2196116
326	0x1.82a0f1ad8f673p+15	49488.472027283999	49481.169079330837	7.3029479531614916	0.46565990465659235	2205186
327	0x1.84ffa60788237p+15	49791.824276213003	49784.475026370354	7.3492498426494413	0.46565313690591903	2214306
328	0x1.8760350c73a33p+15	50096.103610623999	50088.708430590785	7.395180033214273	0.46564641220464026	2223402
329	0x1.89c29ebc8d0eap+15	50401.310032280002	50393.86832170585	7.4417105741522382	0.46563973016029059	2232525
330	0x1.8c26e31803be1p+15	50707.443542592002	50699.9551319077	7.4884106843019245	0.46563309038192857	2241626
331	0x1.8e8d021ef3c75p+15	51014.504142397003	51006.968910134681	7.5352322623220962	0.46562649247813559	2250771
332	0x1.90f4fbd1a2636p+15	51322.491833758002	51314.909904688648	7.5819290693543726	0.46561993607343238	2259890
333	0x1.935ed0305a0ffp+15	51631.406618895002	51623.777589167701	7.6290297273008028	0.46561342079823087	2269030
334	0x1.95ca7f3b52ab3p+15	51941.248499472997	51933.572226680422	7.6762727925743084	0.46560694628234262	2278138
335	0x1.983808f2a4bc8p+15	52252.017476223002	52244.293819905142	7.7236563178594215	0.46560051215168652	2287288
336	0x1.9aa76d56886f4p+15	52563.713550818997	52555.942012548614	7.7715382703827336	0.46559411804509471	2296416
337	0x1.9d18ac672fdc6p+15	52876.336724754001	52868.517527411444	7.8191973425564347	0.46558776360409981	2305575
338	0x1.9f8bc624f9f94p+15	53189.887000857998	53182.019816870525	7.8671839874732532	0.46558144848620509	2314716
339	0x1.a200ba8ff7733p+15	53504.364379628001	53496.449184768673	7.9151948593280386	0.4655751723325417	2323907
340	0x1.a47789a866aadp+15	53819.768862923003	53811.80528755812	7.9635753648835808	0.4655689348003722	2333070
341	0x1.a6f0336e649ddp+15	54136.100451607002	54128.088693546852	8.0117580601508944	0.46556273554241034	2342264
342	0x1.a96ab7e2202c5p+15	54453.359147076997	54445.299524357673	8.0596227193236682	0.4655565742200764	2351428
343	0x1.abe71703f7d3bp+15	54771.544952149001	54763.436667597765	8.1082845512355544	0.46555045051083321	2360636
344	0x1.ae6550d409a46p+15	55090.657867718997	55082.500902067288	8.1569656517094682	0.46554436407956173	2369820
345	0x1.b0e565529f569p+15	55410.697895983998	55402.491960108331	8.2059358756669081	0.46553831460604084	2379033
346	0x1.b367547fd044dp+15	55731.665037639999	55723.410001183263	8.2550364567359775	0.46553230176116822	2388216
347	0x1.b5eb1e5bc51a2p+15	56053.559293899001	56045.255186677678	8.3041072213236458	0.46552632522401999	2397435
348	0x1.b870c2e6c4897p+15	56376.380666867997	56368.027325277937	8.3533415900601522	0.4655203846848	2406622
349	0x1.baf84220dfb85p+15	56700.129157058	56691.726559179275	8.4025978787249169	0.46551447982412314	2415826
350	0x1.bd819c0a7749bp+15	57024.804767349	57016.352669379092	8.4520979699082073	0.46550861034570623	2424992
351	0x1.c00cd0a3ca418p+15	57350.407499619003	57341.90588017345	8.5016194455529313	0.46550277594840156	2434170
352	0x1.c299dfece5a49p+15	57676.937354255999	57668.385599764537	8.5517544914619048	0.46549697632244336	2443320
353	0x1.c528c9e6134d7p+15	58004.394333461001	57995.792336768653	8.6019966923486191	0.46549121117624742	2452510
354	0x1.c7b98e8f82139p+15	58332.778438629997	58324.126273280519	8.6521653494783077	0.46548548021505648	2461679
355	0x1.ca4c2de9473d1p+15	58662.089670396999	58653.386769674151	8.7029007228484243	0.46547978314141653	2470869
356	0x1.cce0a7f3a2cf8p+15	58992.328030670003	58983.574739073818	8.7532915961855888	0.46547411967136426	2480029
357	0x1.cf76fcaecf7a9p+15	59323.493521197997	59314.689805923488	8.8037152745091571	0.46546848952285247	2489218
358	0x1.d20f2c1ae9e64p+15	59655.586142835004	59646.731469910475	8.8546729245281295	0.46546289240999833	2498400
359	0x1.d4a9363821c0bp+15	59988.605897002002	59979.700288498847	8.9056085031552339	0.46545732805457768	2507611
360	0x1.d7451b06e54c7p+15	60322.552786984998	60313.596216152793	8.9565708322043047	0.46545179619587207	2516790
361	0x1.d9e2da8746524p+15	60657.426813313999	60648.419270026629	9.0075432873709342	0.46544629655476877	2525976
362	0x1.dc8274b967954p+15	60993.227977025002	60984.169098243721	9.0588787812812352	0.46544082885920013	2535163
363	0x1.df23e99d85aedp+15	61329.956279924001	61320.846020875411	9.1102590485897945	0.46543539284599572	2544381
364	0x1.e1c73933e9fp+15	61667.611724196002	61658.448854668939	9.1628695270628651	0.46542998825772863	2553583
365	0x1.e46c637ca267fp+15	62006.194310259998	61996.979152845874	9.2151574141244037	0.46542461482649661	2562833
366	0x1.e7136877d88fep+15	62345.704039352	62336.436772343041	9.267267008959605	0.46541927229352936	2572067
367	0x1.e9bc4825cc8fbp+15	62686.140913383999	62676.821616678979	9.3192967050199496	0.46541396040793248	2581332
368	0x1.ec670286c7a74p+15	63027.504934539	63018.133486550498	9.3714479885020392	0.46540867892352178	2590581
369	0x1.ef13979ad6633p+15	63369.796103191002	63360.371856576392	9.4242466146097268	0.46540342758345649	2599874
370	0x1.f1c2076227701p+15	63713.014420731	63703.536929201015	9.4774915299858531	0.46539820614120536	2609147
371	0x1.f47251dce67ep+15	64057.159888460999	64047.629756029477	9.5301324315223592	0.46539301435227159	2618455
372	0x1.f724770b6f0dcp+15	64402.232509107998	64392.649000515674	9.5835085923245042	0.46538785198511395	2627760
373	0x1.f9d876eddd79dp+15	64748.232283516998	64738.595776401169	9.6365071158288611	0.46538271879706611	2637092
374	0x1.fc8e51844adb8p+15	65095.159212436003	65085.46948419667	9.6897282393329061	0.46537761454742782	2646412
375	0x1.ff4606cee874bp+15	65443.013297332996	65433.269952779039	9.743344553957284	0.46537253900325698	2655774
376	0x1.00ffcb66f64c5p+16	65791.794539826995	65781.997383898677	9.7971559283178049	0.46536749193517296	2665118
377	0x1.025d80c0d760ap+16	66141.502942524996	66131.652315380677	9.8506271443184215	0.46536247312318396	2674493
378	0x1.03bc237521a65p+16	66492.138506033996	66482.233824016614	9.9046820173825818	0.46535748233555901	2683863
379	0x1.051bb383e5e46p+16	66843.701231354004	66833.742547405229	9.9586839487747039	0.46535251934582761	2693260
380	0x1.067c30ed3dceap+16	67196.191120017	67186.178167488892	10.012952528108142	0.46534758393363584	2702631
381	0x1.07dd9bb1366ap+16	67549.608172798995	67539.540430938709	10.067741860286331	0.46534267587574496	2712041
382	0x1.093ff3d0052eap+16	67903.952392887004	67893.830066906565	10.122325980439198	0.46533779496783961	2721438
383	0x1.0aa33949bcef5p+16	68259.223781402994	68249.046719363134	10.177062039860173	0.46533294099355105	2730862
384	0x1.0c076c1e67e3ep+16	68615.422338956007	68605.190755794974	10.231583161032175	0.46532811373532457	2740264
385	0x1.0d6c8c4e28306p+16	68972.548067580996	68962.261120850773	10.286946730222551	0.46532331298755952	2749700
386	0x1.0ed299d90ab33p+16	69330.600968044993	69320.257987910561	10.342980134431853	0.46531853853824945	2759118
387	0x1.103994bf18a24p+16	69689.581040896999	69679.18272074555	10.398320151449296	0.46531379017618479	2768559
388	0x1.11a17d008c532p+16	70049.488289614004	70039.033964185248	10.454325428756418	0.46530906771185848	2778002
389	0x1.130a529d7756ap+16	70410.322715243004	70399.812363352758	10.510351890246964	0.46530437094152843	2787470
390	0x1.14741595e381ap+16	70772.084318370005	70761.518121996458	10.566196373547426	0.4652996996605524	2796910
391	0x1.15dec5e9f63dep+16	71134.773101225001	71124.150503307726	10.622597917274105	0.46529505367720658	2806433
392	0x1.174a6399bbfap+16	71498.389064549003	71487.710143578064	10.678920970938632	0.46529043279199439	2815971
393	0x1.18b6eea53d91bp+16	71862.932208869999	71852.19618601189	10.736022858109207	0.46528583680613034	2825538
394	0x1.1a24670c9afaep+16	72228.402536092995	72217.608871933713	10.793664159282342	0.46528126553179039	2835098
395	0x1.1b92cccfef9b4p+16	72594.800047850993	72583.948918188355	10.851129662638412	0.46527671878129157	2844685
396	0x1.1d021fef539bap+16	72962.124745584006	72951.215088750338	10.909656833668121	0.46527219636761569	2854254
397	0x1.1e72606adf53ep+16	73330.376630743005	73319.407100041761	10.969530701244365	0.46526769810571111	2863869
398	0x1.1fe38e42b7e92p+16	73699.555705542007	73688.52597048771	11.029735054296905	0.46526322381721436	2873468
399	0x1.2155a976e9df6p+16	74069.661970727	74058.575915945476	11.086054781524579	0.46525877331629206	2883058
400	0x1.22c8b2077d6f4p+16	74440.695426788006	74429.552415926548	11.143010861458604	0.46525434641742519	2892625
401	0x1.243ca7f48e8c1p+16	74812.656075391002	74801.45612026898	11.199955122021491	0.46524994294432886	2902217
402	0x1.25b18b3e4161dp+16	75185.543918691998	75174.286117807729	11.257800884268361	0.46524556272550194	2911791
403	0x1.27275be49b4efp+16	75559.358957011005	75548.043700464637	11.315256546367889	0.46524120557980791	2921411
404	0x1.289e19e7accdp+16	75934.101191330003	75922.728633420906	11.372557909096939	0.46523687133203862	2931013
405	0x1.2a15c5478c4ebp+16	76309.770622986995	76298.340393922539	11.430229064455487	0.46523255981092526	2940659
406	0x1.2b8e5e0468f4ap+16	76686.367254790996	76674.87946607644	11.487788714555789	0.46522827085582646	2950287
407	0x1.2d07e41e5510ep+16	77063.891087833996	77052.345516550675	11.545571283320895	0.46522400429724309	2959950
408	0x1.2e8257955ebb4p+16	77442.342122956004	77430.738587615167	11.603535340836968	0.46521975996585463	2969641
409	0x1.2ffdb8699a742p+16	77821.720361379004	77810.058916109585	11.661445269419344	0.46521553769632545	2979357
410	0x1.317a069b2d39fp+16	78202.025805308003	78190.306219645398	11.719585662605821	0.46521133733080328	2989059
411	0x1.32f7422a30802p+16	78583.258456259995	78571.480342228126	11.778114031869334	0.46520715870886403	2998799
412	0x1.34756b16a8db5p+16	78965.418314508002	78953.581765571696	11.836548936305915	0.46520300166431816	3008525
413	0x1.35f48160a54f6p+16	79348.505380946997	79336.610352481526	11.895028465471112	0.465198866036308	3018268
414	0x1.3774850843b52p+16	79732.519657355995	79720.564495799146	11.955161556848905	0.46519475167072755	3028012
415	0x1.38f5760da406dp+16	80117.461145641006	80105.447180203657	12.013965437348814	0.46519065841568313	3037783
416	0x1.3a775470de68cp+16	80503.329847240995	80491.256676333811	12.073170907184247	0.46518658611802549	3047537
417	0x1.3bfa2031fe29ep+16	80890.125762829994	80877.992637143863	12.133125686130368	0.46518253462168402	3057316
418	0x1.3d7dd951093eep+16	81277.848892762995	81265.656553551918	12.192339211076613	0.4651785037703064	3067067
419	0x1.3f027fce1edc6p+16	81666.499238899996	81654.247316090288	12.251922809708047	0.46517449341767259	3076850
420	0x1.408813a964d34p+16	82056.076803495002	82043.765596190555	12.311207304446723	0.46517050342117361	3086593
421	0x1.420e94e2e91d3p+16	82446.581587381006	82434.210315454198	12.37127192680782	0.46516653363150195	3096376
422	0x1.4396037aca69ap+16	82838.013592386997	82825.582393272416	12.431199114580521	0.46516258390639825	3106149
423	0x1.451e5f710e86cp+16	83230.372818859003	83217.881180057768	12.491638801235238	0.46515865409664742	3115968
424	0x1.46a7a8c5bf22ap+16	83623.659267373994	83611.107077697598	12.552189676396663	0.46515474405579177	3125788
425	0x1.4831df78fc893p+16	84017.872939856999	84005.260259364048	12.612680492951766	0.46515085364626724	3135637
426	0x1.49bd038aed14ap+16	84413.013838593994	84400.340297435469	12.673541158525039	0.46514698273377203	3145489
427	0x1.4b4914fb9c0b4p+16	84809.081964256999	84796.347683823857	12.734280433141974	0.46514313117637357	3155376
428	0x1.4cd613cb2ae13p+16	85206.077318840005	85193.282221375834	12.795097464171702	0.46513929884072863	3165249
429	0x1.4e63fff9a70f4p+16	85603.999903146003	85591.141985061957	12.857918084046103	0.46513548558824408	3175170
430	0x1.4ff2d98717d93p+16	86002.849717607998	85989.930762623291	12.918954984706941	0.46513169127965398	3185071
431	0x1.5182a0738f663p+16	86402.626763307999	86389.644690511661	12.982072796337887	0.46512791578053531	3195055
432	0x1.531354bf2ef29p+16	86803.331042227001	86790.286653007133	13.044389219867297	0.46512415896255049	3205021
433	0x1.54a4f66a1359ap+16	87204.962556084996	87191.856679394143	13.105876690853618	0.46512042069713438	3215012
434	0x1.563785744c8bap+16	87607.521305831993	87594.353513594222	13.167792237771208	0.46511670085281076	3224994
435	0x1.57cb01de02182p+16	88011.007293825998	87997.777692330026	13.229601495972018	0.46511299930678307	3235005
436	0x1.595f6ba742f1ep+16	88415.420520957996	88402.128722054447	13.291798903548623	0.46510931592962518	3245009
437	0x1.5af4c2d019a23p+16	88820.760987856003	88807.407069639812	13.35391821619123	0.46510565059175069	3255040
438	0x1.5c8b07588b5c7p+16	89227.028694830005	89213.612218145339	13.416476684666121	0.46510200316314315	3265070
439	0x1.5e223940c267fp+16	89634.223644400001	89620.744485956369	13.479158443631603	0.46509837352649697	3275125
440	0x1.5fba5888cbe36p+16	90042.345837347995	90028.804213070936	13.541624277058871	0.46509476155654972	3285154
441	0x1.61536530b0aa9p+16	90451.395274202005	90437.790715803683	13.604558398321386	0.46509116712790466	3295227
442	0x1.62ed5f3893df1p+16	90861.371957056006	90847.704600259662	13.667356796344391	0.4650875901243629	3305276
443	0x1.648846a099795p+16	91272.275888054006	91258.545336450275	13.730551603730417	0.46508403043100366	3315365
444	0x1.66241b68da092p+16	91684.10706866	91670.313533499706	13.793535160293684	0.46508048793046436	3325422
445	0x1.67c0dd915bbb2p+16	92096.865499242005	92083.008593934414	13.856905307591658	0.46507696250090663	3335505
446	0x1.695e8d1a23575p+16	92510.551180085007	92496.631220928801	13.919959156206458	0.46507345402122013	3345548
447	0x1.6afd2a035183bp+16	92925.164113135004	92911.17971148064	13.984401654364772	0.46506996237974785	3355620
448	0x1.6c9cb44d04039p+16	93340.704300166006	93326.655894316747	14.048405849258414	0.46506648746495349	3365689
449	0x1.6e3d2bf746956p+16	93757.171741878003	93743.059544461415	14.112197416587149	0.46506302916095671	3375781
450	0x1.6fde9102273b7p+16	94174.566439105998	94160.389964169124	14.176474936874	0.46505958735361003	3385872
451	0x1.7180e36da7b47p+16	94592.888391953995	94578.646197044829	14.242194909165844	0.46505616192621485	3395990
452	0x1.73242339f0739p+16	95012.137602832998	94997.830673924022	14.306928908976259	0.46505275277445879	3406117
453	0x1.74c8506724404p+16	95432.314073816	95417.942746345492	14.37132747050782	0.46504935979326462	3416267
454	0x1.766d6af5548d4p+16	95853.417805942998	95838.981572671837	14.436233271160743	0.46504598287344517	3426420
455	0x1.781372e4965bep+16	96275.448800465994	96260.947843600254	14.500956865740589	0.46504262190781798	3436598
456	0x1.79ba6834f4b1fp+16	96698.407058041994	96683.840482538842	14.566575503151396	0.4650392767872904	3446798
457	0x1.7b624ae67d73bp+16	97122.292579499001	97107.661055897755	14.631523601245133	0.46503594740457954	3457019
458	0x1.7d0b1af9630b7p+16	97547.105367841999	97532.408384533745	14.696983308254856	0.46503263366374609	3467241
459	0x1.7eb4d86db3f81p+16	97972.845423934996	97958.082977685903	14.762446249093044	0.46502933545946257	3477523
460	0x1.805f8343728a5p+16	98399.512747916	98384.684593649654	14.828154266346244	0.46502605268391312	3487804
461	0x1.820b1b7aaf401p+16	98827.107340767994	98812.213659819667	14.893680948327527	0.46502278523424995	3498106
462	0x1.83b7a1137de13p+16	99255.629203670003	99240.668852067902	14.96035160210158	0.46501953300945464	3508394
463	0x1.8565140df18ddp+16	99685.078337761995	99670.051915715929	15.026422046066726	0.46501629590921273	3518724
464	0x1.8713746a2c215p+16	100115.454745062	100100.36229089688	15.092454165118395	0.46501307383816709	3529040
465	0x1.88c2c2284c3e3p+16	100546.75842739599	100531.59839250984	15.160034886153879	0.46500986670087191	3539396
466	0x1.8a72fd485638ap+16	100978.989385022	100963.76308116059	15.22630386140372	0.465006674395467	3549730
467	0x1.8c2425ca4fb8p+16	101412.147618277	101396.85452172266	15.293096554334623	0.46500349682137582	3560108
468	0x1.8dd63bae4e946p+16	101846.23312846301	101830.8734356285	15.359692834506857	0.46500033388333262	3570466
469	0x1.8f893ef46813bp+16	102281.245916848	102265.81916439494	15.426752453058723	0.46499718548673641	3580864
470	0x1.913d2f9cb9bd3p+16	102717.185985192	102701.69234869328	15.493636498722479	0.46499405154002732	3591242
471	0x1.92f20da7569fep+16	103154.053334631	103138.49241131918	15.560923311815712	0.46499093194959917	3601658
472	0x1.94a7d91461903p+16	103591.847967241	103576.21983686725	15.628130373748716	0.46498782662687194	3612052
473	0x1.965e91e3e4f0ap+16	104030.569883641	104014.87408941705	15.69579422395327	0.46498473547747959	3622492
474	0x1.98163815e7a67p+16	104470.219084242	104454.45547404779	15.763610194204373	0.46498165840695949	3632933
475	0x1.99cecbaa71c7ep+16	104910.795569526	104894.96442459623	15.831144929776199	0.46497859532199909	3643393
476	0x1.9b884ca1a368dp+16	105352.299341405	105336.39914834191	15.900193063091136	0.46497554613641795	3653856
477	0x1.9d42bafb8fb67p+16	105794.730401022	105778.76231137408	15.968089647911254	0.46497251076136242	3664338
478	0x1.9efe16b852862p+16	106238.088750036	106222.05066114792	16.038088888075432	0.46496948911099262	3674819
479	0x1.a0ba5fd7fbeecp+16	106682.374389406	106666.26817391902	16.106215486986908	0.46496648109712752	3685315
480	0x1.a277965aafdbcp+16	107127.58732127299	107111.41243117074	16.17489010225108	0.46496348663746973	3695810
481	0x1.a435ba407dd66p+16	107573.72754656299	107557.4841802209	16.24336634209612	0.46496050564513047	3706324
482	0x1.a5f4cb8970b0ep+16	108020.795065921	108004.48278016166	16.312285759340735	0.4649575380327518	3716833
483	0x1.a7b4ca358eb5cp+16	108468.789879722	108452.40857867787	16.381301044122662	0.4649545837125712	3727373
484	0x1.a975b644e43e3p+16	108917.71198870199	108901.26142498197	16.450563720019996	0.46495164259913097	3737906
485	0x1.ab378fb79f177p+16	109367.56139559099	109351.04174035999	16.51965523100807	0.46494871461618031	3748460
486	0x1.acfa568dc94e3p+16	109818.338100988	109801.74896281032	16.589138177674609	0.46494579967902938	3759005
487	0x1.aebe0ac76ac96p+16	110270.042105364	110253.38333227386	16.658773090137398	0.46494289770317382	3769588
488	0x1.b082ac64a8ee7p+16	110722.673410948	110705.94474141426	16.728669533738863	0.46494000861221796	3780168
489	0x1.b2483b6598dccp+16	111176.232018999	111159.43342237263	16.798596626365903	0.46493713232630773	3790784
490	0x1.b40eb7ca59da3p+16	111630.717931381	111613.84860111655	16.869330264453307	0.46493426876876731	3801372
491	0x1.b5d62192fc13p+16	112086.131149058	112069.1917891984	16.939359859592511	0.46493141785979825	3812015
492	0x1.b79e78bf859a1p+16	112542.471672392	112525.46238270836	17.009289683643143	0.46492857951778055	3822624
493	0x1.b967bd4ff7fecp+16	112999.739501476	112982.65826484072	17.081236635276579	0.46492575366068589	3833273
494	0x1.bb31ef4469a6ep+16	113457.934637645	113440.78285001185	17.151787633149066	0.46492294021228442	3843905
495	0x1.bcfd0e9d06b68p+16	113917.05708353	113899.8349901262	17.222093403805044	0.46492013910225499	3854532
496	0x1.bec91b59d4c3dp+16	114377.106839464	114359.81398663137	17.292852832630157	0.46491735025146352	3865132
497	0x1.c096157adf195p+16	114838.08390611999	114820.72018104396	17.363725076036641	0.46491457358282512	3875755
498	0x1.c263fd0036e0dp+16	115299.98828452099	115282.55334390754	17.434940613456998	0.46491180902131024	3886369
499	0x1.c432d1e9dfad2p+16	115762.81997488	115745.31378533682	17.506189543171782	0.46490905648925118	3896998
500	0x1.c6029437ebea2p+16	116226.578978295	116209.0013041794	17.577674115600527	0.46490631591318016	3907614
501	0x1.c7d343eaa15e9p+16	116691.26529892501	116673.61603942333	17.649259501675257	0.46490358723242153	3918242
502	0x1.c9a4e1020d7efp+16	117156.87893757199	117139.15808372649	17.720853845501548	0.46490087037337519	3928860
503	0x1.cb776b7e3137ap+16	117623.419894291	117605.62710194962	17.792792341380842	0.46489816526009364	3939514
504	0x1.cd4ae35f181c1p+16	118090.88816977201	118073.02318035798	17.864989414025327	0.46489547181977536	3950175
505	0x1.cf1f48a4d8c14p+16	118559.283765361	118541.34586112686	17.937904234146114	0.4648927899827901	3960857
506	0x1.d0f49b4f797ebp+16	119028.60668143599	119010.59642597627	18.010255459725155	0.46489011967628002	3971544
507	0x1.d2cadb5f1d988p+16	119498.856920099	119480.77440688486	18.08251321414718	0.46488746083470089	3982252
508	0x1.d4a208d3dd669p+16	119970.034482801	119951.87929317367	18.155189627330397	0.46488481339048088	3992959
509	0x1.d67a23add20f2p+16	120442.139371041	120423.91140684989	18.227964191115458	0.46488217727676301	4003702
510	0x1.d8532becfdf4p+16	120915.171584961	120896.87087216158	18.300712799420577	0.46487955242199563	4014433
511	0x1.da2d2191639dcp+16	121389.131124712	121370.75672284131	18.37440187069296	0.46487693875525926	4025208
512	0x1.dc08049b1562cp+16	121864.01799138699	121845.56860063219	18.449390754802149	0.46487433620981994	4035984
