host,sum_y,sum_y2,sum_m2,distinct,overlap_0,overlap_1,overlap_2,overlap_3,overlap_4,overlap_5,overlap_6,target0_y,target0_y2,target0_hit,target1_y,target1_y2,target1_hit,target2_y,target2_y2,target2_hit,target3_y,target3_y2,target3_hit
0,52,54,1292,51,0,0,0,0,2,0,52,0,0,0,0,0,0,0,0,0,0,0,0
1,83,113,1022,69,0,0,0,2,28,0,83,1,1,1,0,0,0,0,0,0,0,0,0
2,43,83,2238,27,0,0,4,0,36,0,43,0,0,0,0,0,0,0,0,0,0,0,0
3,29,29,2368,29,0,0,0,0,0,0,29,0,0,0,0,0,0,0,0,0,0,0,0
4,59,59,1172,59,0,0,0,0,0,0,59,0,0,0,0,0,0,0,0,0,0,0,0
5,111,113,528,110,0,0,0,0,2,0,111,0,0,0,0,0,0,0,0,0,0,0,0
6,110,136,794,100,0,0,0,2,24,0,110,0,0,0,0,0,0,0,0,0,0,0,0
7,100,112,680,94,0,0,0,10,2,0,100,0,0,0,0,0,0,0,0,0,0,0,0
8,121,155,732,105,0,0,0,2,32,0,121,0,0,0,0,0,0,1,1,1,0,0,0
9,84,86,738,83,0,0,0,0,2,0,84,0,0,0,0,0,0,0,0,0,0,0,0
10,68,76,1234,64,0,0,0,2,6,0,68,0,0,0,0,0,0,0,0,0,0,0,0
11,27,33,3084,24,0,0,0,4,2,0,27,0,0,0,0,0,0,0,0,0,0,0,0
12,93,103,680,88,0,0,0,0,10,0,93,0,0,0,1,1,1,0,0,0,0,0,0
13,45,51,1578,42,0,0,0,0,6,0,45,0,0,0,0,0,0,0,0,0,0,0,0
14,46,64,1682,37,0,0,0,0,18,0,46,0,0,0,0,0,0,0,0,0,1,1,1
15,69,73,946,67,0,0,0,0,4,0,69,0,0,0,0,0,0,0,0,0,0,0,0
16,92,114,862,82,0,0,2,14,6,0,92,0,0,0,0,0,0,0,0,0,0,0,0
17,72,76,900,70,0,0,0,4,0,0,72,0,0,0,0,0,0,0,0,0,1,1,1
18,117,135,610,109,0,0,2,6,10,0,117,0,0,0,0,0,0,0,0,0,0,0,0
19,99,111,784,93,0,0,0,2,10,0,99,0,0,0,0,0,0,0,0,0,0,0,0
20,106,106,586,106,0,0,0,0,0,0,106,0,0,0,0,0,0,0,0,0,0,0,0
21,106,122,696,99,0,0,2,4,10,0,106,0,0,0,0,0,0,0,0,0,0,0,0
22,22,22,3054,22,0,0,0,0,0,0,22,0,0,0,0,0,0,0,0,0,0,0,0
23,74,78,950,72,0,0,0,2,2,0,74,0,0,0,0,0,0,0,0,0,0,0,0
24,91,93,912,90,0,0,2,0,0,0,91,0,0,0,0,0,0,1,1,1,0,0,0
25,84,100,912,76,0,0,0,2,14,0,84,0,0,0,0,0,0,0,0,0,0,0,0
26,67,67,984,67,0,0,0,0,0,0,67,0,0,0,0,0,0,0,0,0,0,0,0
27,61,61,1074,61,0,0,0,0,0,0,61,0,0,0,0,0,0,0,0,0,0,0,0
28,92,110,764,83,0,0,0,6,12,0,92,0,0,0,0,0,0,0,0,0,0,0,0
29,89,97,730,85,0,0,0,4,4,0,89,0,0,0,0,0,0,0,0,0,0,0,0
30,69,79,974,64,0,0,0,6,4,0,69,0,0,0,0,0,0,0,0,0,0,0,0
31,91,111,760,81,0,0,2,4,14,0,91,0,0,0,0,0,0,0,0,0,0,0,0
32,49,67,1686,40,0,0,0,0,18,0,49,0,0,0,0,0,0,0,0,0,0,0,0
33,72,90,1042,63,0,0,2,0,16,0,72,0,0,0,0,0,0,0,0,0,0,0,0
34,73,77,878,71,0,0,2,2,0,0,73,0,0,0,1,1,1,0,0,0,0,0,0
35,103,139,744,85,0,0,0,10,26,0,103,0,0,0,0,0,0,1,1,1,0,0,0
36,83,85,760,82,0,0,0,0,2,0,83,0,0,0,0,0,0,0,0,0,0,0,0
37,129,147,508,120,0,0,0,8,10,0,129,0,0,0,0,0,0,0,0,0,0,0,0
38,125,133,496,121,0,0,0,2,6,0,125,0,0,0,0,0,0,0,0,0,0,0,0
39,138,160,512,128,0,0,0,8,14,0,138,0,0,0,0,0,0,0,0,0,1,1,1
40,45,47,1484,44,0,0,0,0,2,0,45,0,0,0,0,0,0,0,0,0,0,0,0
41,68,90,1152,58,0,0,0,2,20,0,68,0,0,0,0,0,0,0,0,0,1,1,1
42,121,125,492,119,0,0,0,2,2,0,121,0,0,0,0,0,0,0,0,0,0,0,0
43,138,146,508,134,0,0,0,4,4,0,138,0,0,0,1,1,1,0,0,0,0,0,0
44,54,56,1286,53,0,0,2,0,0,0,54,0,0,0,0,0,0,0,0,0,0,0,0
45,44,48,1426,42,0,0,0,0,4,0,44,1,1,1,0,0,0,0,0,0,0,0,0
46,69,81,1140,63,0,0,0,0,12,0,69,0,0,0,0,0,0,0,0,0,0,0,0
47,79,91,938,74,0,0,0,0,12,0,79,0,0,0,0,0,0,1,1,1,0,0,0
48,110,112,558,109,0,0,0,2,0,0,110,0,0,0,0,0,0,0,0,0,0,0,0
49,110,118,646,106,0,0,0,0,8,0,110,0,0,0,0,0,0,0,0,0,0,0,0
50,69,83,1074,62,0,0,0,0,14,0,69,0,0,0,0,0,0,0,0,0,0,0,0
51,149,159,410,145,0,0,2,4,4,0,149,0,0,0,0,0,0,0,0,0,0,0,0
52,69,77,1014,65,0,0,0,4,4,0,69,0,0,0,1,1,1,0,0,0,0,0,0
53,43,43,1522,43,0,0,0,0,0,0,43,0,0,0,0,0,0,0,0,0,0,0,0
54,71,93,1054,60,0,0,0,4,18,0,71,0,0,0,0,0,0,0,0,0,0,0,0
55,85,93,760,81,0,0,0,0,8,0,85,0,0,0,0,0,0,0,0,0,0,0,0
56,72,90,1312,63,0,0,0,0,18,0,72,0,0,0,0,0,0,0,0,0,0,0,0
57,101,111,636,96,0,0,0,4,6,0,101,0,0,0,0,0,0,0,0,0,0,0,0
58,93,93,632,93,0,0,0,0,0,0,93,0,0,0,0,0,0,0,0,0,0,0,0
59,90,92,806,89,0,0,0,2,0,0,90,0,0,0,0,0,0,1,1,1,0,0,0
60,37,45,2010,33,0,0,0,6,2,0,37,0,0,0,0,0,0,0,0,0,0,0,0
61,62,78,1212,55,0,0,0,0,16,0,62,1,1,1,0,0,0,0,0,0,0,0,0
62,74,76,792,73,0,0,0,2,0,0,74,0,0,0,1,1,1,0,0,0,0,0,0
63,44,58,1984,37,0,0,0,8,6,0,44,0,0,0,0,0,0,0,0,0,0,0,0
64,92,96,712,90,0,0,0,4,0,0,92,0,0,0,0,0,0,0,0,0,1,1,1
65,84,102,1010,75,0,0,0,0,18,0,84,0,0,0,0,0,0,0,0,0,0,0,0
66,49,53,1332,47,0,0,0,0,4,0,49,0,0,0,0,0,0,0,0,0,1,1,1
67,70,70,924,70,0,0,0,0,0,0,70,0,0,0,0,0,0,0,0,0,0,0,0
68,100,108,654,96,0,0,0,2,6,0,100,0,0,0,0,0,0,1,1,1,1,1,1
69,52,52,1306,52,0,0,0,0,0,0,52,0,0,0,0,0,0,0,0,0,0,0,0
70,30,34,2760,28,0,0,0,2,2,0,30,2,4,1,0,0,0,0,0,0,0,0,0
71,64,72,1074,60,0,0,0,6,2,0,64,0,0,0,1,1,1,0,0,0,0,0,0
72,94,114,796,85,0,0,0,6,14,0,94,0,0,0,0,0,0,0,0,0,0,0,0
73,51,53,1328,50,0,0,0,0,2,0,51,0,0,0,0,0,0,0,0,0,1,1,1
74,67,91,1432,55,0,0,0,0,24,0,67,0,0,0,0,0,0,1,1,1,0,0,0
75,95,101,700,92,0,0,0,2,4,0,95,0,0,0,0,0,0,0,0,0,0,0,0
76,53,55,1516,52,0,0,0,0,2,0,53,0,0,0,0,0,0,0,0,0,0,0,0
77,74,84,890,69,0,0,0,2,8,0,74,0,0,0,1,1,1,0,0,0,0,0,0
78,46,46,1408,46,0,0,0,0,0,0,46,0,0,0,0,0,0,0,0,0,0,0,0
79,57,57,1318,57,0,0,0,0,0,0,57,0,0,0,0,0,0,0,0,0,1,1,1
80,67,87,1160,59,0,0,0,4,16,0,67,1,1,1,0,0,0,1,1,1,1,1,1
81,66,68,1152,65,0,0,0,0,2,0,66,0,0,0,0,0,0,1,1,1,0,0,0
82,63,69,1088,60,0,0,0,4,2,0,63,0,0,0,0,0,0,0,0,0,0,0,0
83,58,64,1412,55,0,0,0,2,4,0,58,0,0,0,0,0,0,0,0,0,2,4,1
84,59,63,1080,57,0,0,0,0,4,0,59,0,0,0,0,0,0,0,0,0,1,1,1
85,62,64,1100,61,0,0,0,2,0,0,62,0,0,0,0,0,0,0,0,0,1,1,1
86,68,102,1432,55,0,0,0,4,30,0,68,0,0,0,0,0,0,0,0,0,0,0,0
87,67,71,1034,65,0,0,2,0,2,0,67,0,0,0,0,0,0,0,0,0,0,0,0
88,71,77,1022,68,0,0,0,4,2,0,71,0,0,0,0,0,0,0,0,0,0,0,0
89,92,112,864,83,0,0,0,4,16,0,92,0,0,0,0,0,0,0,0,0,0,0,0
90,97,101,630,95,0,0,0,4,0,0,97,0,0,0,0,0,0,0,0,0,0,0,0
91,74,76,818,73,0,0,0,0,2,0,74,0,0,0,0,0,0,0,0,0,0,0,0
92,47,49,1460,46,0,0,0,0,2,0,47,0,0,0,0,0,0,0,0,0,0,0,0
93,69,79,978,64,0,0,0,6,4,0,69,0,0,0,0,0,0,0,0,0,1,1,1
94,79,81,940,78,0,0,0,0,2,0,79,0,0,0,0,0,0,0,0,0,0,0,0
95,77,79,826,76,0,0,0,0,2,0,77,0,0,0,0,0,0,0,0,0,0,0,0
96,120,142,626,110,0,0,0,10,12,0,120,0,0,0,0,0,0,0,0,0,0,0,0
97,73,97,1082,61,0,0,0,0,24,0,73,0,0,0,0,0,0,0,0,0,0,0,0
98,54,58,1178,52,0,0,0,0,4,0,54,1,1,1,0,0,0,0,0,0,0,0,0
99,62,62,952,62,0,0,0,0,0,0,62,0,0,0,0,0,0,0,0,0,0,0,0
100,119,169,656,96,0,0,2,14,34,0,119,0,0,0,0,0,0,0,0,0,0,0,0
101,54,54,1134,54,0,0,0,0,0,0,54,0,0,0,0,0,0,0,0,0,0,0,0
102,69,81,1198,64,0,0,2,2,8,0,69,0,0,0,1,1,1,0,0,0,0,0,0
103,27,27,2464,27,0,0,0,0,0,0,27,0,0,0,0,0,0,0,0,0,0,0,0
104,62,64,1082,61,0,0,0,0,2,0,62,0,0,0,0,0,0,0,0,0,0,0,0
105,107,111,598,105,0,0,0,2,2,0,107,0,0,0,0,0,0,0,0,0,0,0,0
106,136,172,766,119,0,0,0,24,12,0,136,0,0,0,0,0,0,1,1,1,0,0,0
107,105,135,796,93,0,0,2,10,18,0,105,0,0,0,0,0,0,0,0,0,0,0,0
108,39,49,2062,34,0,0,0,0,10,0,39,0,0,0,0,0,0,0,0,0,0,0,0
109,72,78,912,69,0,0,0,0,6,0,72,0,0,0,0,0,0,0,0,0,0,0,0
110,82,88,808,80,0,0,0,2,4,0,82,0,0,0,0,0,0,0,0,0,0,0,0
111,68,78,1010,63,0,0,0,0,10,0,68,0,0,0,0,0,0,0,0,0,0,0,0
112,65,67,986,64,0,0,0,2,0,0,65,0,0,0,0,0,0,0,0,0,0,0,0
113,53,53,1240,53,0,0,0,0,0,0,53,0,0,0,0,0,0,0,0,0,0,0,0
114,70,72,922,69,0,0,0,2,0,0,70,0,0,0,1,1,1,0,0,0,0,0,0
115,105,119,610,98,0,0,0,2,12,0,105,0,0,0,0,0,0,0,0,0,0,0,0
116,68,68,928,68,0,0,0,0,0,0,68,0,0,0,0,0,0,1,1,1,0,0,0
117,76,76,840,76,0,0,0,0,0,0,76,0,0,0,0,0,0,0,0,0,0,0,0
118,50,64,2118,43,0,0,0,0,14,0,50,0,0,0,0,0,0,0,0,0,0,0,0
119,53,77,1266,41,0,0,0,0,24,0,53,0,0,0,0,0,0,0,0,0,0,0,0
120,48,54,1372,45,0,0,0,0,6,0,48,0,0,0,0,0,0,0,0,0,0,0,0
121,32,38,2344,29,0,0,0,0,6,0,32,0,0,0,0,0,0,0,0,0,0,0,0
122,38,40,1648,37,0,0,0,2,0,0,38,0,0,0,0,0,0,0,0,0,0,0,0
123,62,86,1434,52,0,0,4,4,16,0,62,0,0,0,0,0,0,0,0,0,0,0,0
124,106,108,640,105,0,0,0,0,2,0,106,0,0,0,0,0,0,0,0,0,0,0,0
125,75,77,778,74,0,0,0,2,0,0,75,0,0,0,0,0,0,0,0,0,0,0,0
126,67,69,1050,66,0,0,0,2,0,0,67,0,0,0,0,0,0,0,0,0,0,0,0
127,106,106,652,106,0,0,0,0,0,0,106,0,0,0,0,0,0,1,1,1,0,0,0
128,75,85,1078,70,0,0,0,6,4,0,75,1,1,1,0,0,0,0,0,0,0,0,0
129,93,105,716,87,0,0,0,2,10,0,93,0,0,0,0,0,0,0,0,0,0,0,0
130,106,124,656,97,0,0,0,2,16,0,106,0,0,0,1,1,1,0,0,0,0,0,0
131,83,83,748,83,0,0,0,0,0,0,83,0,0,0,0,0,0,0,0,0,1,1,1
132,84,92,720,80,0,0,0,0,8,0,84,0,0,0,0,0,0,0,0,0,0,0,0
133,80,80,714,80,0,0,0,0,0,0,80,0,0,0,0,0,0,0,0,0,0,0,0
134,67,89,1066,56,0,0,0,2,20,0,67,0,0,0,0,0,0,0,0,0,0,0,0
135,77,87,802,72,0,0,2,2,6,0,77,0,0,0,0,0,0,0,0,0,0,0,0
136,69,91,1294,58,0,0,0,0,22,0,69,0,0,0,0,0,0,0,0,0,0,0,0
137,64,72,1042,60,0,0,0,0,8,0,64,1,1,1,0,0,0,0,0,0,0,0,0
138,77,87,1022,72,0,0,0,10,0,0,77,0,0,0,0,0,0,0,0,0,0,0,0
139,74,76,848,73,0,0,0,2,0,0,74,0,0,0,0,0,0,0,0,0,0,0,0
140,121,133,616,115,0,0,0,8,4,0,121,0,0,0,0,0,0,1,1,1,0,0,0
141,42,42,1432,42,0,0,0,0,0,0,42,0,0,0,1,1,1,0,0,0,0,0,0
142,56,56,1238,56,0,0,0,0,0,0,56,0,0,0,0,0,0,0,0,0,0,0,0
143,116,120,538,114,0,0,0,2,2,0,116,0,0,0,0,0,0,0,0,0,0,0,0
144,92,94,780,91,0,0,0,2,0,0,92,0,0,0,0,0,0,0,0,0,0,0,0
145,85,93,810,81,0,0,0,2,6,0,85,0,0,0,0,0,0,1,1,1,0,0,0
146,119,131,586,113,0,0,2,0,10,0,119,0,0,0,0,0,0,1,1,1,0,0,0
147,30,32,2264,29,0,0,0,0,2,0,30,0,0,0,0,0,0,0,0,0,0,0,0
148,64,64,1166,64,0,0,0,0,0,0,64,0,0,0,0,0,0,0,0,0,0,0,0
149,105,125,800,95,0,0,0,8,12,0,105,0,0,0,0,0,0,0,0,0,0,0,0
150,74,88,936,67,0,0,0,4,10,0,74,0,0,0,1,1,1,0,0,0,0,0,0
151,42,42,1490,42,0,0,0,0,0,0,42,0,0,0,0,0,0,0,0,0,0,0,0
152,52,52,1290,52,0,0,0,0,0,0,52,0,0,0,0,0,0,0,0,0,0,0,0
153,77,83,852,74,0,0,0,0,6,0,77,0,0,0,0,0,0,0,0,0,0,0,0
154,76,78,964,75,0,0,0,2,0,0,76,0,0,0,0,0,0,0,0,0,0,0,0
155,39,39,1662,39,0,0,0,0,0,0,39,0,0,0,0,0,0,0,0,0,0,0,0
156,67,71,972,65,0,0,0,0,4,0,67,0,0,0,0,0,0,0,0,0,0,0,0
157,42,78,2288,28,0,0,0,4,32,0,42,1,1,1,0,0,0,0,0,0,0,0,0
158,89,115,884,76,0,0,0,2,24,0,89,0,0,0,0,0,0,0,0,0,0,0,0
159,69,71,912,68,0,0,0,0,2,0,69,0,0,0,1,1,1,0,0,0,0,0,0
160,54,60,1346,51,0,0,0,2,4,0,54,0,0,0,0,0,0,0,0,0,0,0,0
161,37,37,1806,37,0,0,0,0,0,0,37,0,0,0,0,0,0,0,0,0,0,0,0
162,47,51,1508,45,0,0,0,0,4,0,47,1,1,1,0,0,0,0,0,0,0,0,0
163,76,76,846,76,0,0,0,0,0,0,76,0,0,0,0,0,0,0,0,0,0,0,0
164,114,118,624,112,0,0,0,2,2,0,114,0,0,0,0,0,0,0,0,0,0,0,0
165,75,83,874,71,0,0,2,0,6,0,75,0,0,0,0,0,0,0,0,0,0,0,0
166,97,101,694,95,0,0,0,0,4,0,97,0,0,0,0,0,0,0,0,0,0,0,0
167,99,103,660,97,0,0,0,2,2,0,99,0,0,0,0,0,0,0,0,0,0,0,0
168,84,90,726,81,0,0,0,2,4,0,84,0,0,0,0,0,0,0,0,0,0,0,0
169,43,53,1616,38,0,0,0,0,10,0,43,0,0,0,0,0,0,0,0,0,0,0,0
170,74,80,924,71,0,0,0,0,6,0,74,0,0,0,0,0,0,0,0,0,0,0,0
171,68,74,946,65,0,0,0,0,6,0,68,0,0,0,0,0,0,0,0,0,0,0,0
172,84,100,996,76,0,0,0,6,10,0,84,0,0,0,0,0,0,0,0,0,2,4,1
173,147,155,394,143,0,0,0,6,2,0,147,0,0,0,0,0,0,0,0,0,0,0,0
174,39,41,2048,38,0,0,0,2,0,0,39,0,0,0,0,0,0,0,0,0,0,0,0
175,62,68,1208,59,0,0,0,2,4,0,62,1,1,1,0,0,0,0,0,0,0,0,0
176,57,59,1058,56,0,0,0,0,2,0,57,0,0,0,0,0,0,0,0,0,0,0,0
177,81,83,928,80,0,0,0,2,0,0,81,0,0,0,0,0,0,0,0,0,0,0,0
178,53,57,1218,51,0,0,0,4,0,0,53,0,0,0,0,0,0,0,0,0,1,1,1
179,61,63,1022,60,0,0,0,0,2,0,61,1,1,1,0,0,0,0,0,0,0,0,0
180,65,67,976,64,0,0,0,0,2,0,65,0,0,0,0,0,0,0,0,0,0,0,0
181,49,51,1346,48,0,0,0,2,0,0,49,1,1,1,0,0,0,0,0,0,0,0,0
182,81,81,786,81,0,0,0,0,0,0,81,0,0,0,0,0,0,0,0,0,0,0,0
183,139,143,422,137,0,0,0,4,0,0,139,0,0,0,0,0,0,0,0,0,0,0,0
184,82,86,814,80,0,0,0,2,2,0,82,0,0,0,0,0,0,0,0,0,0,0,0
185,114,136,628,104,0,0,2,6,14,0,114,0,0,0,0,0,0,0,0,0,0,0,0
186,65,67,1048,64,0,0,0,0,2,0,65,1,1,1,0,0,0,0,0,0,0,0,0
187,96,96,576,96,0,0,0,0,0,0,96,0,0,0,0,0,0,0,0,0,0,0,0
188,52,54,1326,51,0,0,0,0,2,0,52,0,0,0,0,0,0,0,0,0,0,0,0
189,76,102,1080,64,0,0,2,2,22,0,76,1,1,1,0,0,0,1,1,1,0,0,0
190,84,102,840,75,0,0,0,0,18,0,84,0,0,0,0,0,0,0,0,0,0,0,0
191,126,138,596,120,0,0,0,8,4,0,126,0,0,0,0,0,0,0,0,0,0,0,0
192,64,72,1250,60,0,0,0,2,6,0,64,0,0,0,0,0,0,0,0,0,0,0,0
193,48,50,1410,47,0,0,0,0,2,0,48,0,0,0,0,0,0,0,0,0,0,0,0
194,82,82,816,82,0,0,0,0,0,0,82,0,0,0,0,0,0,0,0,0,0,0,0
195,104,116,724,98,0,0,0,8,4,0,104,0,0,0,1,1,1,0,0,0,0,0,0
196,71,87,1038,64,0,0,0,2,14,0,71,0,0,0,1,1,1,0,0,0,0,0,0
197,120,144,614,108,0,0,2,10,12,0,120,0,0,0,0,0,0,0,0,0,0,0,0
198,32,32,1914,32,0,0,0,0,0,0,32,1,1,1,1,1,1,0,0,0,0,0,0
199,98,108,672,93,0,0,0,0,10,0,98,0,0,0,0,0,0,0,0,0,0,0,0
200,39,51,1954,33,0,0,0,0,12,0,39,0,0,0,0,0,0,0,0,0,0,0,0
201,77,93,918,69,0,0,0,0,16,0,77,0,0,0,0,0,0,0,0,0,0,0,0
202,77,77,898,77,0,0,0,0,0,0,77,0,0,0,1,1,1,0,0,0,0,0,0
203,129,167,584,112,0,0,4,14,20,0,129,0,0,0,0,0,0,1,1,1,1,1,1
204,56,58,1100,55,0,0,0,2,0,0,56,1,1,1,0,0,0,0,0,0,0,0,0
205,70,90,1438,60,0,0,0,0,20,0,70,1,1,1,0,0,0,0,0,0,0,0,0
206,94,94,616,94,0,0,0,0,0,0,94,0,0,0,0,0,0,0,0,0,0,0,0
207,95,105,688,90,0,0,2,6,2,0,95,0,0,0,1,1,1,0,0,0,0,0,0
208,86,86,750,86,0,0,0,0,0,0,86,0,0,0,1,1,1,0,0,0,0,0,0
209,67,81,1022,61,0,0,2,4,8,0,67,1,1,1,0,0,0,0,0,0,0,0,0
210,82,82,788,82,0,0,0,0,0,0,82,0,0,0,1,1,1,0,0,0,0,0,0
211,59,65,1180,56,0,0,0,0,6,0,59,0,0,0,0,0,0,0,0,0,0,0,0
212,102,116,664,95,0,0,0,4,10,0,102,0,0,0,0,0,0,0,0,0,0,0,0
213,63,73,1162,58,0,0,2,0,8,0,63,0,0,0,0,0,0,0,0,0,0,0,0
214,81,83,812,80,0,0,0,2,0,0,81,0,0,0,0,0,0,0,0,0,0,0,0
215,64,78,1148,57,0,0,0,0,14,0,64,0,0,0,0,0,0,0,0,0,0,0,0
216,82,82,710,82,0,0,0,0,0,0,82,0,0,0,0,0,0,0,0,0,0,0,0
217,63,71,1206,59,0,0,2,2,4,0,63,1,1,1,0,0,0,0,0,0,0,0,0
218,86,88,750,85,0,0,2,0,0,0,86,0,0,0,0,0,0,0,0,0,0,0,0
219,97,97,762,97,0,0,0,0,0,0,97,0,0,0,0,0,0,0,0,0,0,0,0
220,57,59,1232,56,0,0,0,0,2,0,57,0,0,0,0,0,0,0,0,0,0,0,0
221,77,83,902,74,0,0,0,2,4,0,77,1,1,1,0,0,0,0,0,0,0,0,0
222,93,93,808,93,0,0,0,0,0,0,93,0,0,0,0,0,0,0,0,0,1,1,1
223,102,104,618,101,0,0,0,0,2,0,102,0,0,0,0,0,0,1,1,1,0,0,0
224,60,64,1110,58,0,0,0,0,4,0,60,0,0,0,0,0,0,0,0,0,0,0,0
225,54,58,1164,52,0,0,0,2,2,0,54,0,0,0,0,0,0,0,0,0,1,1,1
226,76,86,842,71,0,0,0,0,10,0,76,0,0,0,0,0,0,0,0,0,0,0,0
227,99,113,680,92,0,0,2,6,6,0,99,0,0,0,0,0,0,0,0,0,0,0,0
228,92,102,774,87,0,0,0,0,10,0,92,0,0,0,0,0,0,0,0,0,0,0,0
229,72,72,832,72,0,0,0,0,0,0,72,0,0,0,0,0,0,0,0,0,0,0,0
230,48,64,1732,41,0,0,0,2,14,0,48,0,0,0,0,0,0,0,0,0,0,0,0
231,70,82,1114,64,0,0,0,8,4,0,70,0,0,0,0,0,0,0,0,0,0,0,0
232,84,92,804,80,0,0,0,0,8,0,84,0,0,0,0,0,0,0,0,0,0,0,0
233,29,33,3260,27,0,0,0,2,2,0,29,1,1,1,0,0,0,0,0,0,0,0,0
234,35,43,2408,31,0,0,0,0,8,0,35,0,0,0,0,0,0,0,0,0,0,0,0
235,47,51,1420,45,0,0,0,0,4,0,47,0,0,0,0,0,0,0,0,0,0,0,0
236,119,169,824,97,0,0,4,0,46,0,119,1,1,1,0,0,0,2,4,1,0,0,0
237,77,79,866,76,0,0,0,0,2,0,77,0,0,0,0,0,0,0,0,0,0,0,0
238,70,84,1106,63,0,0,0,4,10,0,70,1,1,1,0,0,0,0,0,0,0,0,0
239,96,104,636,92,0,0,0,0,8,0,96,0,0,0,0,0,0,0,0,0,0,0,0
240,107,117,586,102,0,0,0,0,10,0,107,0,0,0,0,0,0,0,0,0,0,0,0
241,100,102,686,99,0,0,0,2,0,0,100,0,0,0,0,0,0,0,0,0,0,0,0
242,48,54,1422,45,0,0,0,0,6,0,48,0,0,0,0,0,0,0,0,0,0,0,0
243,82,88,838,79,0,0,0,0,6,0,82,0,0,0,0,0,0,0,0,0,0,0,0
244,33,35,2016,32,0,0,0,2,0,0,33,0,0,0,0,0,0,0,0,0,0,0,0
245,71,71,832,71,0,0,0,0,0,0,71,0,0,0,0,0,0,0,0,0,0,0,0
246,80,86,790,77,0,0,0,2,4,0,80,0,0,0,0,0,0,0,0,0,0,0,0
247,48,50,1426,47,0,0,0,0,2,0,48,0,0,0,0,0,0,0,0,0,0,0,0
248,108,114,572,105,0,0,0,4,2,0,108,0,0,0,0,0,0,0,0,0,1,1,1
249,95,99,810,93,0,0,0,0,4,0,95,0,0,0,1,1,1,0,0,0,0,0,0
250,74,74,868,74,0,0,0,0,0,0,74,0,0,0,0,0,0,0,0,0,0,0,0
251,153,161,410,149,0,0,2,6,0,0,153,0,0,0,0,0,0,1,1,1,0,0,0
252,78,80,868,77,0,0,0,0,2,0,78,0,0,0,0,0,0,0,0,0,1,1,1
253,98,100,674,97,0,0,0,2,0,0,98,0,0,0,1,1,1,0,0,0,1,1,1
254,97,103,686,94,0,0,0,2,4,0,97,0,0,0,0,0,0,0,0,0,0,0,0
255,64,106,1546,46,0,0,4,0,38,0,64,0,0,0,0,0,0,0,0,0,0,0,0
256,40,42,2000,39,0,0,0,0,2,0,40,0,0,0,0,0,0,0,0,0,0,0,0
257,66,68,1078,65,0,0,0,0,2,0,66,0,0,0,0,0,0,0,0,0,0,0,0
258,52,54,1444,51,0,0,0,0,2,0,52,0,0,0,0,0,0,0,0,0,0,0,0
259,83,83,972,83,0,0,0,0,0,0,83,0,0,0,0,0,0,0,0,0,0,0,0
260,79,91,1158,73,0,0,0,6,6,0,79,0,0,0,0,0,0,0,0,0,0,0,0
261,76,86,958,72,0,0,0,2,8,0,76,1,1,1,0,0,0,0,0,0,0,0,0
262,71,75,864,69,0,0,0,0,4,0,71,0,0,0,0,0,0,0,0,0,0,0,0
263,54,74,1580,45,0,0,0,0,20,0,54,1,1,1,0,0,0,0,0,0,0,0,0
264,65,101,1268,49,0,0,0,0,36,0,65,0,0,0,0,0,0,0,0,0,0,0,0
265,41,45,1836,39,0,0,0,0,4,0,41,0,0,0,0,0,0,0,0,0,0,0,0
266,91,103,846,85,0,0,0,2,10,0,91,0,0,0,0,0,0,0,0,0,0,0,0
267,52,56,1498,50,0,0,2,2,0,0,52,1,1,1,1,1,1,0,0,0,0,0,0
268,38,38,1628,38,0,0,0,0,0,0,38,0,0,0,0,0,0,0,0,0,0,0,0
269,73,85,1028,67,0,0,0,0,12,0,73,0,0,0,0,0,0,0,0,0,0,0,0
270,71,83,978,65,0,0,0,4,8,0,71,0,0,0,0,0,0,0,0,0,0,0,0
271,36,36,1816,36,0,0,0,0,0,0,36,0,0,0,0,0,0,0,0,0,0,0,0
272,117,133,640,109,0,0,0,16,0,0,117,0,0,0,0,0,0,1,1,1,0,0,0
273,49,57,1672,45,0,0,0,0,8,0,49,1,1,1,0,0,0,0,0,0,0,0,0
274,104,106,654,103,0,0,2,0,0,0,104,0,0,0,0,0,0,0,0,0,0,0,0
275,72,80,1080,68,0,0,0,0,8,0,72,0,0,0,0,0,0,0,0,0,0,0,0
276,95,115,698,85,0,0,0,4,16,0,95,0,0,0,0,0,0,0,0,0,0,0,0
277,71,79,942,67,0,0,0,0,8,0,71,0,0,0,0,0,0,0,0,0,0,0,0
278,59,63,1076,57,0,0,0,0,4,0,59,0,0,0,0,0,0,0,0,0,1,1,1
279,61,61,1020,61,0,0,0,0,0,0,61,1,1,1,0,0,0,1,1,1,0,0,0
280,62,64,1044,61,0,0,0,0,2,0,62,0,0,0,0,0,0,0,0,0,0,0,0
281,35,43,2396,31,0,0,0,2,6,0,35,0,0,0,0,0,0,0,0,0,0,0,0
282,61,61,1006,61,0,0,0,0,0,0,61,0,0,0,1,1,1,0,0,0,0,0,0
283,75,77,866,74,0,0,0,2,0,0,75,0,0,0,1,1,1,0,0,0,0,0,0
284,71,89,996,62,0,0,0,0,18,0,71,0,0,0,0,0,0,0,0,0,0,0,0
285,107,109,558,106,0,0,0,0,2,0,107,0,0,0,0,0,0,0,0,0,0,0,0
286,59,69,1222,55,0,0,0,2,8,0,59,0,0,0,0,0,0,0,0,0,1,1,1
287,63,65,1094,62,0,0,0,0,2,0,63,0,0,0,0,0,0,0,0,0,1,1,1
288,86,96,906,81,0,0,0,0,10,0,86,1,1,1,0,0,0,2,4,1,0,0,0
289,52,54,1248,51,0,0,0,0,2,0,52,0,0,0,0,0,0,0,0,0,0,0,0
290,45,61,1822,38,0,0,0,2,14,0,45,0,0,0,0,0,0,0,0,0,0,0,0
291,60,60,968,60,0,0,0,0,0,0,60,0,0,0,0,0,0,0,0,0,0,0,0
292,72,74,968,71,0,0,0,0,2,0,72,1,1,1,0,0,0,1,1,1,0,0,0
293,104,112,620,100,0,0,0,4,4,0,104,0,0,0,0,0,0,0,0,0,0,0,0
294,32,36,1974,30,0,0,0,0,4,0,32,1,1,1,0,0,0,0,0,0,0,0,0
295,39,41,2212,38,0,0,0,2,0,0,39,0,0,0,0,0,0,0,0,0,0,0,0
296,51,61,1328,46,0,0,0,0,10,0,51,0,0,0,0,0,0,0,0,0,0,0,0
297,74,84,1274,69,0,0,0,10,0,0,74,0,0,0,0,0,0,0,0,0,0,0,0
298,64,66,1266,63,0,0,0,2,0,0,64,0,0,0,0,0,0,1,1,1,0,0,0
299,112,118,604,109,0,0,0,2,4,0,112,0,0,0,0,0,0,0,0,0,0,0,0
300,63,63,972,63,0,0,0,0,0,0,63,0,0,0,0,0,0,0,0,0,0,0,0
301,70,84,934,63,0,0,2,4,8,0,70,0,0,0,0,0,0,0,0,0,1,1,1
302,106,114,674,102,0,0,0,8,0,0,106,0,0,0,0,0,0,1,1,1,0,0,0
303,51,51,1218,51,0,0,0,0,0,0,51,0,0,0,1,1,1,0,0,0,0,0,0
304,72,76,910,70,0,0,0,0,4,0,72,0,0,0,0,0,0,0,0,0,0,0,0
305,61,63,1152,60,0,0,0,0,2,0,61,0,0,0,0,0,0,0,0,0,0,0,0
306,75,81,830,72,0,0,0,2,4,0,75,0,0,0,0,0,0,0,0,0,0,0,0
307,99,103,732,97,0,0,0,2,2,0,99,0,0,0,0,0,0,1,1,1,0,0,0
308,86,104,884,78,0,0,2,0,16,0,86,0,0,0,0,0,0,0,0,0,0,0,0
309,57,77,1496,47,0,0,0,0,20,0,57,0,0,0,0,0,0,0,0,0,0,0,0
310,64,70,1018,61,0,0,0,0,6,0,64,0,0,0,0,0,0,0,0,0,0,0,0
311,121,127,492,118,0,0,0,2,4,0,121,0,0,0,0,0,0,0,0,0,0,0,0
312,78,92,1080,71,0,0,0,2,12,0,78,0,0,0,0,0,0,0,0,0,0,0,0
313,71,71,912,71,0,0,0,0,0,0,71,0,0,0,0,0,0,0,0,0,0,0,0
314,22,28,3162,19,0,0,0,0,6,0,22,0,0,0,0,0,0,0,0,0,0,0,0
315,56,60,1128,54,0,0,0,2,2,0,56,0,0,0,0,0,0,0,0,0,0,0,0
316,109,113,592,107,0,0,0,2,2,0,109,0,0,0,0,0,0,0,0,0,0,0,0
317,57,59,1128,56,0,0,0,2,0,0,57,0,0,0,1,1,1,0,0,0,0,0,0
318,62,66,1258,60,0,0,0,0,4,0,62,0,0,0,0,0,0,0,0,0,0,0,0
319,49,57,1380,45,0,0,0,0,8,0,49,0,0,0,0,0,0,0,0,0,1,1,1
320,58,60,1066,57,0,0,0,2,0,0,58,0,0,0,0,0,0,0,0,0,0,0,0
321,66,70,910,64,0,0,0,0,4,0,66,0,0,0,0,0,0,0,0,0,0,0,0
322,47,47,1364,47,0,0,0,0,0,0,47,1,1,1,0,0,0,0,0,0,0,0,0
323,48,52,1544,46,0,0,0,2,2,0,48,1,1,1,0,0,0,0,0,0,0,0,0
324,27,35,3058,23,0,0,0,0,8,0,27,0,0,0,0,0,0,0,0,0,0,0,0
325,74,74,866,74,0,0,0,0,0,0,74,0,0,0,0,0,0,0,0,0,0,0,0
326,55,59,1214,53,0,0,0,4,0,0,55,0,0,0,0,0,0,0,0,0,0,0,0
327,45,45,1444,45,0,0,0,0,0,0,45,0,0,0,0,0,0,0,0,0,0,0,0
328,48,50,1276,47,0,0,0,2,0,0,48,0,0,0,0,0,0,0,0,0,0,0,0
329,96,112,854,88,0,0,0,4,12,0,96,1,1,1,0,0,0,1,1,1,0,0,0
330,46,48,1394,45,0,0,0,0,2,0,46,0,0,0,0,0,0,0,0,0,1,1,1
331,88,88,742,88,0,0,0,0,0,0,88,0,0,0,0,0,0,0,0,0,0,0,0
332,57,69,1128,51,0,0,0,2,10,0,57,0,0,0,0,0,0,0,0,0,0,0,0
333,86,104,844,77,0,0,2,0,16,0,86,0,0,0,0,0,0,0,0,0,0,0,0
334,70,80,1048,65,0,0,0,8,2,0,70,1,1,1,0,0,0,1,1,1,0,0,0
335,96,98,684,95,0,0,0,2,0,0,96,0,0,0,1,1,1,0,0,0,0,0,0
336,64,66,1046,63,0,0,2,0,0,0,64,0,0,0,0,0,0,0,0,0,0,0,0
337,27,27,2440,27,0,0,0,0,0,0,27,0,0,0,0,0,0,0,0,0,0,0,0
338,119,131,530,113,0,0,0,4,8,0,119,0,0,0,0,0,0,0,0,0,1,1,1
339,98,100,620,97,0,0,0,0,2,0,98,0,0,0,1,1,1,0,0,0,0,0,0
340,96,100,658,94,0,0,0,0,4,0,96,0,0,0,0,0,0,0,0,0,0,0,0
341,92,104,670,86,0,0,0,0,12,0,92,0,0,0,0,0,0,0,0,0,0,0,0
342,44,46,1580,43,0,0,0,0,2,0,44,0,0,0,0,0,0,0,0,0,0,0,0
343,69,77,1038,65,0,0,0,0,8,0,69,0,0,0,0,0,0,0,0,0,1,1,1
344,67,67,916,67,0,0,0,0,0,0,67,0,0,0,0,0,0,0,0,0,0,0,0
345,77,99,1124,67,0,0,2,0,20,0,77,0,0,0,0,0,0,0,0,0,0,0,0
346,89,91,766,88,0,0,0,0,2,0,89,0,0,0,0,0,0,0,0,0,0,0,0
347,69,107,1100,53,0,0,0,12,26,0,69,0,0,0,0,0,0,0,0,0,0,0,0
348,71,107,1270,55,0,0,0,4,32,0,71,1,1,1,0,0,0,0,0,0,0,0,0
349,85,89,1064,83,0,0,2,2,0,0,85,1,1,1,0,0,0,1,1,1,0,0,0
350,27,35,2732,24,0,0,2,4,2,0,27,0,0,0,0,0,0,0,0,0,1,1,1
351,126,128,452,125,0,0,0,0,2,0,126,0,0,0,0,0,0,0,0,0,0,0,0
352,131,147,584,123,0,0,0,12,4,0,131,0,0,0,0,0,0,0,0,0,0,0,0
353,46,56,1596,41,0,0,0,2,8,0,46,0,0,0,0,0,0,0,0,0,0,0,0
354,59,69,1256,54,0,0,0,2,8,0,59,1,1,1,0,0,0,0,0,0,0,0,0
355,55,55,1088,55,0,0,0,0,0,0,55,0,0,0,0,0,0,0,0,0,0,0,0
356,49,49,1278,49,0,0,0,0,0,0,49,0,0,0,0,0,0,0,0,0,1,1,1
357,85,93,884,81,0,0,0,0,8,0,85,0,0,0,0,0,0,1,1,1,0,0,0
358,38,50,2148,32,0,0,0,0,12,0,38,0,0,0,0,0,0,0,0,0,1,1,1
359,44,44,1858,44,0,0,0,0,0,0,44,0,0,0,0,0,0,0,0,0,0,0,0
360,106,112,580,103,0,0,0,0,6,0,106,0,0,0,0,0,0,1,1,1,0,0,0
361,82,88,842,79,0,0,0,0,6,0,82,0,0,0,0,0,0,0,0,0,0,0,0
362,78,80,828,77,0,0,0,0,2,0,78,0,0,0,0,0,0,0,0,0,0,0,0
363,55,73,1596,46,0,0,0,0,18,0,55,0,0,0,0,0,0,0,0,0,0,0,0
364,71,73,1158,70,0,0,2,0,0,0,71,0,0,0,0,0,0,0,0,0,0,0,0
365,73,97,1036,61,0,0,0,0,24,0,73,0,0,0,0,0,0,0,0,0,0,0,0
366,40,40,2016,40,0,0,0,0,0,0,40,0,0,0,0,0,0,0,0,0,0,0,0
367,55,61,1226,52,0,0,0,0,6,0,55,0,0,0,0,0,0,0,0,0,0,0,0
368,77,79,986,76,0,0,0,2,0,0,77,0,0,0,0,0,0,0,0,0,0,0,0
369,84,106,1026,73,0,0,0,4,18,0,84,0,0,0,0,0,0,0,0,0,0,0,0
370,88,100,910,82,0,0,0,10,2,0,88,0,0,0,0,0,0,1,1,1,0,0,0
371,60,62,1156,59,0,0,0,2,0,0,60,0,0,0,0,0,0,0,0,0,0,0,0
372,106,112,580,103,0,0,0,2,4,0,106,0,0,0,0,0,0,0,0,0,1,1,1
373,58,58,1180,58,0,0,0,0,0,0,58,0,0,0,0,0,0,0,0,0,0,0,0
374,91,93,646,90,0,0,0,0,2,0,91,0,0,0,0,0,0,0,0,0,0,0,0
375,41,45,1728,39,0,0,0,4,0,0,41,0,0,0,0,0,0,0,0,0,0,0,0
376,68,78,1078,63,0,0,0,4,6,0,68,0,0,0,0,0,0,0,0,0,0,0,0
377,66,66,1184,66,0,0,0,0,0,0,66,0,0,0,0,0,0,0,0,0,0,0,0
378,98,104,724,95,0,0,0,2,4,0,98,0,0,0,0,0,0,0,0,0,0,0,0
379,74,74,952,74,0,0,0,0,0,0,74,0,0,0,0,0,0,0,0,0,0,0,0
380,84,94,980,79,0,0,0,6,4,0,84,0,0,0,0,0,0,0,0,0,0,0,0
381,79,89,828,74,0,0,0,0,10,0,79,0,0,0,0,0,0,0,0,0,0,0,0
382,64,66,1108,63,0,0,0,0,2,0,64,0,0,0,1,1,1,0,0,0,0,0,0
383,58,68,1150,53,0,0,2,0,8,0,58,0,0,0,0,0,0,0,0,0,0,0,0
384,74,74,896,74,0,0,0,0,0,0,74,0,0,0,0,0,0,0,0,0,0,0,0
385,32,32,1726,32,0,0,0,0,0,0,32,0,0,0,0,0,0,0,0,0,0,0,0
386,50,50,1482,50,0,0,0,0,0,0,50,0,0,0,0,0,0,0,0,0,0,0,0
387,70,70,868,70,0,0,0,0,0,0,70,0,0,0,1,1,1,0,0,0,0,0,0
388,86,106,906,77,0,0,0,10,10,0,86,0,0,0,0,0,0,0,0,0,0,0,0
389,91,93,676,90,0,0,0,0,2,0,91,0,0,0,0,0,0,0,0,0,0,0,0
390,124,140,592,116,0,0,0,4,12,0,124,0,0,0,0,0,0,0,0,0,0,0,0
391,60,60,1080,60,0,0,0,0,0,0,60,1,1,1,0,0,0,0,0,0,0,0,0
392,94,98,720,92,0,0,0,0,4,0,94,0,0,0,0,0,0,0,0,0,0,0,0
393,66,66,1066,66,0,0,0,0,0,0,66,0,0,0,0,0,0,1,1,1,0,0,0
394,103,109,642,100,0,0,0,2,4,0,103,0,0,0,0,0,0,0,0,0,0,0,0
395,59,61,1112,58,0,0,0,2,0,0,59,0,0,0,0,0,0,0,0,0,0,0,0
396,75,77,1052,74,0,0,0,2,0,0,75,0,0,0,0,0,0,0,0,0,0,0,0
397,82,84,958,81,0,0,0,0,2,0,82,0,0,0,0,0,0,1,1,1,0,0,0
398,49,49,1214,49,0,0,0,0,0,0,49,0,0,0,0,0,0,0,0,0,0,0,0
399,64,66,1050,63,0,0,0,2,0,0,64,0,0,0,0,0,0,0,0,0,0,0,0
400,71,71,886,71,0,0,0,0,0,0,71,0,0,0,0,0,0,1,1,1,0,0,0
401,69,71,1056,68,0,0,0,0,2,0,69,1,1,1,0,0,0,0,0,0,0,0,0
402,68,74,1198,65,0,0,0,0,6,0,68,0,0,0,0,0,0,0,0,0,0,0,0
403,86,86,746,86,0,0,0,0,0,0,86,0,0,0,0,0,0,0,0,0,0,0,0
404,50,52,1414,49,0,0,0,0,2,0,50,0,0,0,0,0,0,0,0,0,0,0,0
405,55,59,1348,53,0,0,2,0,2,0,55,0,0,0,0,0,0,0,0,0,0,0,0
406,71,89,1068,63,0,0,0,2,16,0,71,0,0,0,0,0,0,0,0,0,0,0,0
407,52,52,1274,52,0,0,0,0,0,0,52,1,1,1,0,0,0,0,0,0,0,0,0
408,72,72,956,72,0,0,0,0,0,0,72,0,0,0,0,0,0,0,0,0,0,0,0
409,46,48,1514,45,0,0,0,0,2,0,46,0,0,0,0,0,0,0,0,0,0,0,0
410,64,64,1060,64,0,0,0,0,0,0,64,0,0,0,0,0,0,0,0,0,0,0,0
411,104,106,596,103,0,0,0,0,2,0,104,0,0,0,0,0,0,0,0,0,0,0,0
412,69,71,904,68,0,0,0,0,2,0,69,0,0,0,0,0,0,0,0,0,0,0,0
413,105,123,622,97,0,0,0,12,6,0,105,0,0,0,0,0,0,0,0,0,0,0,0
414,82,90,806,79,0,0,2,4,2,0,82,0,0,0,0,0,0,0,0,0,0,0,0
415,66,68,966,65,0,0,0,0,2,0,66,0,0,0,0,0,0,0,0,0,0,0,0
416,64,72,1040,60,0,0,0,0,8,0,64,0,0,0,0,0,0,0,0,0,0,0,0
417,87,91,686,85,0,0,0,0,4,0,87,0,0,0,0,0,0,0,0,0,0,0,0
418,38,42,1884,36,0,0,0,0,4,0,38,0,0,0,0,0,0,0,0,0,1,1,1
419,70,72,1084,69,0,0,0,2,0,0,70,0,0,0,0,0,0,0,0,0,0,0,0
420,93,99,742,90,0,0,0,0,6,0,93,0,0,0,0,0,0,1,1,1,1,1,1
421,81,93,842,75,0,0,2,0,10,0,81,0,0,0,0,0,0,1,1,1,0,0,0
422,78,88,864,73,0,0,0,2,8,0,78,0,0,0,0,0,0,0,0,0,0,0,0
423,43,47,1492,41,0,0,0,0,4,0,43,2,4,1,0,0,0,0,0,0,0,0,0
424,39,41,1920,38,0,0,0,0,2,0,39,0,0,0,0,0,0,0,0,0,0,0,0
425,87,93,710,85,0,0,0,2,4,0,87,0,0,0,0,0,0,0,0,0,1,1,1
426,54,70,1746,47,0,0,0,0,16,0,54,0,0,0,0,0,0,0,0,0,0,0,0
427,29,29,2524,29,0,0,0,0,0,0,29,1,1,1,0,0,0,0,0,0,0,0,0
428,61,65,1070,59,0,0,0,4,0,0,61,0,0,0,0,0,0,0,0,0,0,0,0
429,69,79,946,64,0,0,0,2,8,0,69,0,0,0,0,0,0,0,0,0,0,0,0
430,90,98,854,86,0,0,0,2,6,0,90,0,0,0,0,0,0,0,0,0,0,0,0
431,60,70,1424,55,0,0,0,0,10,0,60,0,0,0,0,0,0,0,0,0,0,0,0
432,29,35,3642,27,0,0,2,0,4,0,29,3,9,1,0,0,0,1,1,1,0,0,0
433,38,44,1840,36,0,0,0,4,2,0,38,0,0,0,0,0,0,0,0,0,1,1,1
434,58,64,1066,55,0,0,0,2,4,0,58,1,1,1,0,0,0,0,0,0,0,0,0
435,93,99,678,91,0,0,2,0,4,0,93,0,0,0,1,1,1,0,0,0,0,0,0
436,77,79,780,76,0,0,0,0,2,0,77,0,0,0,0,0,0,0,0,0,0,0,0
437,122,130,496,118,0,0,0,2,6,0,122,0,0,0,0,0,0,0,0,0,0,0,0
438,115,127,544,109,0,0,0,0,12,0,115,0,0,0,0,0,0,0,0,0,0,0,0
439,54,80,1516,43,0,0,0,0,26,0,54,0,0,0,0,0,0,0,0,0,0,0,0
440,77,77,796,77,0,0,0,0,0,0,77,0,0,0,0,0,0,0,0,0,0,0,0
441,131,143,474,125,0,0,0,0,12,0,131,0,0,0,1,1,1,1,1,1,0,0,0
442,54,54,1642,54,0,0,0,0,0,0,54,0,0,0,0,0,0,1,1,1,0,0,0
443,41,43,1900,40,0,0,2,0,0,0,41,0,0,0,0,0,0,0,0,0,0,0,0
444,46,48,1598,45,0,0,0,2,0,0,46,0,0,0,0,0,0,0,0,0,0,0,0
445,69,75,1076,66,0,0,0,4,2,0,69,0,0,0,0,0,0,0,0,0,0,0,0
446,83,95,894,77,0,0,0,4,8,0,83,0,0,0,0,0,0,0,0,0,0,0,0
447,110,120,564,105,0,0,0,0,10,0,110,0,0,0,0,0,0,0,0,0,1,1,1
448,96,100,686,94,0,0,0,0,4,0,96,0,0,0,0,0,0,0,0,0,0,0,0
449,58,62,1330,56,0,0,0,0,4,0,58,0,0,0,0,0,0,0,0,0,0,0,0
450,113,129,662,106,0,0,0,4,12,0,113,0,0,0,2,4,1,0,0,0,0,0,0
451,75,101,1148,63,0,0,0,6,20,0,75,0,0,0,0,0,0,0,0,0,0,0,0
452,87,93,786,84,0,0,0,4,2,0,87,0,0,0,1,1,1,0,0,0,0,0,0
453,26,26,2908,26,0,0,0,0,0,0,26,0,0,0,0,0,0,0,0,0,0,0,0
454,98,104,636,95,0,0,2,4,0,0,98,0,0,0,0,0,0,0,0,0,0,0,0
455,77,77,786,77,0,0,0,0,0,0,77,0,0,0,0,0,0,0,0,0,0,0,0
456,32,40,2628,28,0,0,0,0,8,0,32,0,0,0,0,0,0,0,0,0,0,0,0
457,96,124,880,82,0,0,0,2,26,0,96,0,0,0,0,0,0,1,1,1,0,0,0
458,43,49,1802,40,0,0,0,2,4,0,43,0,0,0,0,0,0,0,0,0,0,0,0
459,99,109,674,94,0,0,0,0,10,0,99,0,0,0,0,0,0,0,0,0,0,0,0
460,126,150,670,114,0,0,12,10,2,0,126,0,0,0,0,0,0,0,0,0,0,0,0
461,46,48,1486,45,0,0,0,0,2,0,46,0,0,0,1,1,1,0,0,0,0,0,0
462,78,80,760,77,0,0,0,0,2,0,78,0,0,0,1,1,1,0,0,0,0,0,0
463,60,60,1026,60,0,0,0,0,0,0,60,0,0,0,1,1,1,0,0,0,0,0,0
464,79,97,1064,70,0,0,0,0,18,0,79,0,0,0,0,0,0,0,0,0,0,0,0
465,97,101,618,95,0,0,0,0,4,0,97,0,0,0,0,0,0,0,0,0,0,0,0
466,56,56,1072,56,0,0,0,0,0,0,56,0,0,0,0,0,0,0,0,0,0,0,0
467,53,53,1190,53,0,0,0,0,0,0,53,0,0,0,0,0,0,0,0,0,0,0,0
468,46,46,1474,46,0,0,0,0,0,0,46,1,1,1,0,0,0,0,0,0,0,0,0
469,85,103,852,77,0,0,2,4,12,0,85,0,0,0,0,0,0,0,0,0,0,0,0
470,82,86,814,80,0,0,0,2,2,0,82,0,0,0,0,0,0,0,0,0,0,0,0
471,48,52,1620,46,0,0,0,4,0,0,48,0,0,0,0,0,0,0,0,0,0,0,0
472,21,23,3190,20,0,0,0,0,2,0,21,0,0,0,0,0,0,0,0,0,0,0,0
473,32,32,1992,32,0,0,0,0,0,0,32,0,0,0,0,0,0,0,0,0,0,0,0
474,89,111,910,78,0,0,0,0,22,0,89,0,0,0,0,0,0,0,0,0,0,0,0
475,72,82,884,67,0,0,0,2,8,0,72,0,0,0,0,0,0,0,0,0,0,0,0
476,52,54,1464,51,0,0,0,0,2,0,52,0,0,0,0,0,0,1,1,1,0,0,0
477,70,70,862,70,0,0,0,0,0,0,70,0,0,0,0,0,0,0,0,0,0,0,0
478,133,139,484,130,0,0,0,4,2,0,133,0,0,0,0,0,0,0,0,0,1,1,1
479,96,98,776,95,0,0,0,2,0,0,96,0,0,0,0,0,0,0,0,0,0,0,0
480,105,119,620,98,0,0,2,4,8,0,105,0,0,0,0,0,0,0,0,0,0,0,0
481,56,56,1004,56,0,0,0,0,0,0,56,0,0,0,0,0,0,0,0,0,0,0,0
482,39,39,1916,39,0,0,0,0,0,0,39,1,1,1,0,0,0,0,0,0,0,0,0
483,85,87,850,84,0,0,0,0,2,0,85,0,0,0,0,0,0,0,0,0,0,0,0
484,60,62,1122,59,0,0,0,0,2,0,60,0,0,0,0,0,0,0,0,0,0,0,0
485,66,68,1038,65,0,0,0,0,2,0,66,0,0,0,0,0,0,0,0,0,1,1,1
486,108,114,618,105,0,0,2,2,2,0,108,0,0,0,1,1,1,0,0,0,0,0,0
487,51,57,1600,48,0,0,0,0,6,0,51,0,0,0,0,0,0,0,0,0,0,0,0
488,42,42,1578,42,0,0,0,0,0,0,42,0,0,0,0,0,0,0,0,0,0,0,0
489,74,80,896,71,0,0,0,2,4,0,74,0,0,0,0,0,0,0,0,0,0,0,0
490,56,58,1232,55,0,0,0,2,0,0,56,0,0,0,0,0,0,0,0,0,0,0,0
491,25,25,3118,25,0,0,0,0,0,0,25,0,0,0,0,0,0,0,0,0,0,0,0
492,41,47,2088,38,0,0,0,6,0,0,41,0,0,0,0,0,0,0,0,0,0,0,0
493,44,60,2006,38,0,0,0,6,10,0,44,0,0,0,0,0,0,0,0,0,1,1,1
494,106,136,762,92,0,0,2,2,26,0,106,0,0,0,0,0,0,0,0,0,0,0,0
495,75,95,1142,66,0,0,0,2,18,0,75,1,1,1,0,0,0,0,0,0,0,0,0
496,69,71,964,68,0,0,0,0,2,0,69,0,0,0,0,0,0,0,0,0,0,0,0
497,94,112,786,85,0,0,2,2,14,0,94,0,0,0,0,0,0,0,0,0,0,0,0
498,50,68,1752,42,0,0,0,0,18,0,50,0,0,0,0,0,0,0,0,0,0,0,0
499,52,52,1338,52,0,0,0,0,0,0,52,1,1,1,0,0,0,0,0,0,0,0,0
500,33,51,2668,24,0,0,0,0,18,0,33,0,0,0,0,0,0,0,0,0,0,0,0
501,39,39,1710,39,0,0,0,0,0,0,39,0,0,0,0,0,0,0,0,0,0,0,0
502,66,70,1128,64,0,0,0,4,0,0,66,0,0,0,0,0,0,0,0,0,0,0,0
503,37,39,1740,36,0,0,0,0,2,0,37,0,0,0,0,0,0,0,0,0,0,0,0
504,61,65,1192,59,0,0,0,0,4,0,61,0,0,0,0,0,0,0,0,0,1,1,1
505,84,140,976,60,0,0,4,2,50,0,84,0,0,0,0,0,0,0,0,0,0,0,0
506,61,77,1478,54,0,0,0,6,10,0,61,0,0,0,0,0,0,0,0,0,0,0,0
507,30,32,2218,29,0,0,0,2,0,0,30,1,1,1,0,0,0,0,0,0,0,0,0
508,9,9,8242,9,0,0,0,0,0,0,9,0,0,0,0,0,0,0,0,0,0,0,0
509,75,77,836,74,0,0,0,0,2,0,75,0,0,0,0,0,0,0,0,0,0,0,0
510,74,74,838,74,0,0,0,0,0,0,74,0,0,0,0,0,0,0,0,0,0,0,0
511,87,89,752,86,0,0,0,0,2,0,87,0,0,0,0,0,0,0,0,0,0,0,0
512,130,142,538,124,0,0,0,10,2,0,130,0,0,0,0,0,0,0,0,0,0,0,0
513,37,47,2046,32,0,0,0,2,8,0,37,1,1,1,0,0,0,0,0,0,1,1,1
514,99,111,668,93,0,0,2,4,6,0,99,0,0,0,0,0,0,0,0,0,0,0,0
515,57,57,1056,57,0,0,0,0,0,0,57,0,0,0,0,0,0,0,0,0,0,0,0
516,108,130,770,97,0,0,2,2,18,0,108,0,0,0,0,0,0,0,0,0,0,0,0
517,39,39,1602,39,0,0,0,0,0,0,39,0,0,0,1,1,1,0,0,0,0,0,0
518,65,77,1284,59,0,0,0,2,10,0,65,0,0,0,0,0,0,0,0,0,0,0,0
519,102,108,626,99,0,0,0,0,6,0,102,0,0,0,0,0,0,0,0,0,0,0,0
520,71,71,890,71,0,0,0,0,0,0,71,0,0,0,1,1,1,0,0,0,0,0,0
521,46,58,1576,40,0,0,0,0,12,0,46,0,0,0,0,0,0,0,0,0,0,0,0
522,57,59,1402,56,0,0,0,2,0,0,57,1,1,1,0,0,0,0,0,0,0,0,0
523,100,116,690,92,0,0,0,12,4,0,100,0,0,0,1,1,1,0,0,0,0,0,0
524,60,68,1200,56,0,0,0,4,4,0,60,1,1,1,0,0,0,0,0,0,0,0,0
525,103,105,672,102,0,0,0,0,2,0,103,0,0,0,0,0,0,1,1,1,0,0,0
526,57,59,1356,56,0,0,0,0,2,0,57,0,0,0,0,0,0,0,0,0,0,0,0
527,69,73,988,67,0,0,0,2,2,0,69,0,0,0,0,0,0,0,0,0,0,0,0
528,24,26,3252,23,0,0,0,2,0,0,24,0,0,0,0,0,0,0,0,0,0,0,0
529,83,85,726,82,0,0,0,0,2,0,83,0,0,0,0,0,0,0,0,0,0,0,0
530,47,49,1452,46,0,0,0,0,2,0,47,0,0,0,0,0,0,0,0,0,0,0,0
531,45,51,1606,42,0,0,0,2,4,0,45,0,0,0,0,0,0,0,0,0,0,0,0
532,71,71,998,71,0,0,0,0,0,0,71,0,0,0,0,0,0,0,0,0,0,0,0
533,98,100,608,97,0,0,0,2,0,0,98,0,0,0,0,0,0,0,0,0,0,0,0
534,106,116,684,101,0,0,0,4,6,0,106,0,0,0,0,0,0,0,0,0,0,0,0
535,60,64,1306,58,0,0,0,4,0,0,60,1,1,1,0,0,0,0,0,0,0,0,0
536,71,71,982,71,0,0,0,0,0,0,71,0,0,0,0,0,0,0,0,0,0,0,0
537,20,20,3174,20,0,0,0,0,0,0,20,0,0,0,0,0,0,0,0,0,0,0,0
538,121,133,642,115,0,0,2,4,6,0,121,0,0,0,0,0,0,0,0,0,0,0,0
539,85,91,804,82,0,0,0,2,4,0,85,0,0,0,0,0,0,0,0,0,0,0,0
540,104,120,830,96,0,0,0,12,4,0,104,0,0,0,0,0,0,0,0,0,0,0,0
541,92,100,752,88,0,0,0,0,8,0,92,0,0,0,0,0,0,1,1,1,1,1,1
542,38,46,1988,34,0,0,0,0,8,0,38,1,1,1,0,0,0,0,0,0,1,1,1
543,58,64,1432,55,0,0,0,0,6,0,58,0,0,0,1,1,1,0,0,0,0,0,0
544,70,74,896,68,0,0,2,0,2,0,70,0,0,0,0,0,0,1,1,1,0,0,0
545,56,58,1150,55,0,0,0,2,0,0,56,0,0,0,0,0,0,0,0,0,0,0,0
546,71,81,1060,66,0,0,0,0,10,0,71,0,0,0,0,0,0,0,0,0,1,1,1
547,98,104,638,95,0,0,0,2,4,0,98,0,0,0,0,0,0,1,1,1,0,0,0
548,86,90,730,84,0,0,0,0,4,0,86,0,0,0,0,0,0,0,0,0,1,1,1
549,51,53,1408,50,0,0,0,2,0,0,51,0,0,0,0,0,0,0,0,0,0,0,0
550,71,79,1070,67,0,0,0,6,2,0,71,0,0,0,0,0,0,1,1,1,0,0,0
551,87,99,802,81,0,0,0,2,10,0,87,0,0,0,0,0,0,0,0,0,0,0,0
552,66,72,1110,63,0,0,0,4,2,0,66,0,0,0,0,0,0,0,0,0,0,0,0
553,101,115,662,94,0,0,0,4,10,0,101,0,0,0,0,0,0,1,1,1,0,0,0
554,68,94,1158,56,0,0,0,0,26,0,68,0,0,0,1,1,1,0,0,0,1,1,1
555,115,119,560,113,0,0,0,2,2,0,115,0,0,0,1,1,1,0,0,0,0,0,0
556,103,147,788,84,0,0,0,6,38,0,103,1,1,1,1,1,1,0,0,0,0,0,0
557,50,52,1210,49,0,0,0,0,2,0,50,0,0,0,0,0,0,0,0,0,0,0,0
558,119,125,620,116,0,0,0,2,4,0,119,0,0,0,0,0,0,1,1,1,0,0,0
559,61,63,1372,60,0,0,0,0,2,0,61,0,0,0,0,0,0,0,0,0,0,0,0
560,86,94,786,82,0,0,0,2,6,0,86,0,0,0,0,0,0,0,0,0,0,0,0
561,122,136,572,115,0,0,4,4,6,0,122,0,0,0,1,1,1,0,0,0,0,0,0
562,59,65,1234,56,0,0,0,2,4,0,59,0,0,0,0,0,0,0,0,0,1,1,1
563,81,93,824,75,0,0,0,4,8,0,81,0,0,0,0,0,0,0,0,0,0,0,0
564,87,87,712,87,0,0,0,0,0,0,87,0,0,0,0,0,0,0,0,0,0,0,0
565,60,70,1252,55,0,0,0,0,10,0,60,0,0,0,0,0,0,0,0,0,0,0,0
566,66,68,962,65,0,0,0,0,2,0,66,0,0,0,1,1,1,0,0,0,1,1,1
567,109,113,600,107,0,0,2,2,0,0,109,0,0,0,0,0,0,0,0,0,1,1,1
568,42,42,1614,42,0,0,0,0,0,0,42,0,0,0,0,0,0,0,0,0,1,1,1
569,107,115,652,103,0,0,0,6,2,0,107,0,0,0,1,1,1,0,0,0,0,0,0
570,71,73,840,70,0,0,0,0,2,0,71,0,0,0,0,0,0,0,0,0,0,0,0
571,44,52,1786,40,0,0,0,0,8,0,44,0,0,0,0,0,0,0,0,0,0,0,0
572,75,77,850,74,0,0,0,0,2,0,75,0,0,0,0,0,0,0,0,0,0,0,0
573,48,50,1446,47,0,0,0,0,2,0,48,0,0,0,0,0,0,0,0,0,0,0,0
574,40,40,1648,40,0,0,0,0,0,0,40,1,1,1,0,0,0,0,0,0,0,0,0
575,70,70,858,70,0,0,0,0,0,0,70,0,0,0,0,0,0,1,1,1,0,0,0
576,85,115,876,71,0,0,2,10,18,0,85,0,0,0,0,0,0,0,0,0,1,1,1
577,72,72,790,72,0,0,0,0,0,0,72,0,0,0,0,0,0,0,0,0,0,0,0
578,46,48,1368,45,0,0,0,2,0,0,46,1,1,1,0,0,0,0,0,0,0,0,0
579,64,72,968,60,0,0,0,2,6,0,64,0,0,0,0,0,0,0,0,0,0,0,0
580,125,135,490,120,0,0,4,0,6,0,125,0,0,0,0,0,0,0,0,0,0,0,0
581,75,113,1212,57,0,0,2,16,20,0,75,0,0,0,0,0,0,0,0,0,0,0,0
582,112,114,536,111,0,0,0,2,0,0,112,0,0,0,0,0,0,0,0,0,0,0,0
583,50,52,1380,49,0,0,0,0,2,0,50,0,0,0,0,0,0,0,0,0,0,0,0
584,117,121,552,115,0,0,2,2,0,0,117,0,0,0,0,0,0,0,0,0,0,0,0
585,63,63,1110,63,0,0,0,0,0,0,63,0,0,0,0,0,0,0,0,0,0,0,0
586,55,61,1398,52,0,0,0,0,6,0,55,1,1,1,0,0,0,0,0,0,0,0,0
587,73,75,830,72,0,0,0,0,2,0,73,0,0,0,0,0,0,0,0,0,0,0,0
588,64,66,980,63,0,0,0,0,2,0,64,0,0,0,0,0,0,0,0,0,0,0,0
589,64,86,1234,53,0,0,0,6,16,0,64,0,0,0,0,0,0,0,0,0,0,0,0
590,49,67,2378,40,0,0,0,6,12,0,49,2,4,1,0,0,0,1,1,1,0,0,0
591,61,63,1224,60,0,0,0,0,2,0,61,0,0,0,1,1,1,0,0,0,0,0,0
592,26,26,2488,26,0,0,0,0,0,0,26,0,0,0,0,0,0,0,0,0,0,0,0
593,102,124,738,91,0,0,0,2,20,0,102,0,0,0,0,0,0,0,0,0,0,0,0
594,70,70,888,70,0,0,0,0,0,0,70,0,0,0,0,0,0,0,0,0,0,0,0
595,60,60,1056,60,0,0,0,0,0,0,60,0,0,0,0,0,0,0,0,0,0,0,0
596,89,93,784,87,0,0,0,0,4,0,89,0,0,0,0,0,0,0,0,0,0,0,0
597,68,76,996,64,0,0,0,0,8,0,68,0,0,0,0,0,0,0,0,0,0,0,0
598,54,56,1518,53,0,0,0,0,2,0,54,0,0,0,0,0,0,0,0,0,0,0,0
599,46,50,1470,44,0,0,0,0,4,0,46,0,0,0,0,0,0,0,0,0,0,0,0
600,78,90,844,72,0,0,0,0,12,0,78,0,0,0,0,0,0,0,0,0,0,0,0
601,42,44,1918,41,0,0,0,0,2,0,42,0,0,0,1,1,1,0,0,0,0,0,0
602,60,68,1078,56,0,0,0,6,2,0,60,0,0,0,0,0,0,0,0,0,0,0,0
603,39,41,1760,38,0,0,0,2,0,0,39,0,0,0,0,0,0,0,0,0,0,0,0
604,71,71,1034,71,0,0,0,0,0,0,71,0,0,0,1,1,1,0,0,0,0,0,0
605,31,33,2214,30,0,0,0,0,2,0,31,0,0,0,0,0,0,0,0,0,0,0,0
606,40,40,1546,40,0,0,0,0,0,0,40,0,0,0,0,0,0,0,0,0,0,0,0
607,66,66,932,66,0,0,0,0,0,0,66,0,0,0,0,0,0,0,0,0,0,0,0
608,92,102,746,87,0,0,0,8,2,0,92,0,0,0,0,0,0,0,0,0,0,0,0
609,26,26,3000,26,0,0,0,0,0,0,26,0,0,0,0,0,0,0,0,0,0,0,0
610,48,48,1564,48,0,0,0,0,0,0,48,0,0,0,0,0,0,0,0,0,0,0,0
611,60,70,1254,55,0,0,0,2,8,0,60,0,0,0,0,0,0,0,0,0,0,0,0
612,71,77,1138,68,0,0,2,2,2,0,71,0,0,0,0,0,0,0,0,0,0,0,0
613,95,131,964,78,0,0,0,4,32,0,95,0,0,0,0,0,0,0,0,0,0,0,0
614,55,59,1208,53,0,0,0,0,4,0,55,1,1,1,0,0,0,0,0,0,0,0,0
615,35,35,1778,35,0,0,0,0,0,0,35,0,0,0,0,0,0,0,0,0,0,0,0
616,116,118,602,115,0,0,0,0,2,0,116,0,0,0,1,1,1,1,1,1,0,0,0
617,82,90,770,78,0,0,0,4,4,0,82,0,0,0,0,0,0,0,0,0,1,1,1
618,51,53,1224,50,0,0,0,2,0,0,51,0,0,0,0,0,0,0,0,0,0,0,0
619,47,51,1470,45,0,0,0,2,2,0,47,0,0,0,0,0,0,0,0,0,0,0,0
620,119,131,554,113,0,0,0,10,2,0,119,0,0,0,0,0,0,0,0,0,0,0,0
621,61,63,1020,60,0,0,0,0,2,0,61,0,0,0,0,0,0,0,0,0,0,0,0
622,41,41,1678,41,0,0,0,0,0,0,41,1,1,1,1,1,1,0,0,0,0,0,0
623,59,67,1166,55,0,0,0,6,2,0,59,0,0,0,0,0,0,1,1,1,0,0,0
624,58,58,1220,58,0,0,0,0,0,0,58,1,1,1,0,0,0,0,0,0,0,0,0
625,101,103,696,100,0,0,0,0,2,0,101,0,0,0,0,0,0,0,0,0,0,0,0
626,58,58,1118,58,0,0,0,0,0,0,58,0,0,0,0,0,0,0,0,0,0,0,0
627,103,107,644,101,0,0,0,0,4,0,103,0,0,0,0,0,0,0,0,0,0,0,0
628,102,102,608,102,0,0,0,0,0,0,102,0,0,0,0,0,0,0,0,0,0,0,0
629,54,56,1146,53,0,0,0,2,0,0,54,0,0,0,0,0,0,0,0,0,0,0,0
630,51,61,1366,46,0,0,0,2,8,0,51,0,0,0,0,0,0,0,0,0,0,0,0
631,55,57,1238,54,0,0,0,0,2,0,55,0,0,0,0,0,0,0,0,0,0,0,0
632,65,67,948,64,0,0,0,0,2,0,65,0,0,0,0,0,0,0,0,0,0,0,0
633,47,49,1578,46,0,0,2,0,0,0,47,0,0,0,0,0,0,0,0,0,0,0,0
634,31,33,2330,30,0,0,0,2,0,0,31,0,0,0,0,0,0,0,0,0,0,0,0
635,74,76,868,73,0,0,0,0,2,0,74,0,0,0,0,0,0,0,0,0,0,0,0
636,37,39,1744,36,0,0,0,0,2,0,37,0,0,0,0,0,0,0,0,0,1,1,1
637,79,81,824,78,0,0,0,2,0,0,79,0,0,0,0,0,0,0,0,0,0,0,0
638,84,104,946,74,0,0,0,0,20,0,84,0,0,0,0,0,0,0,0,0,0,0,0
639,51,57,1564,48,0,0,2,0,4,0,51,0,0,0,0,0,0,0,0,0,0,0,0
640,70,74,888,68,0,0,0,2,2,0,70,0,0,0,0,0,0,0,0,0,0,0,0
641,50,66,1286,42,0,0,2,0,14,0,50,0,0,0,0,0,0,0,0,0,0,0,0
642,128,132,554,126,0,0,0,2,2,0,128,0,0,0,0,0,0,1,1,1,0,0,0
643,98,108,728,93,0,0,0,2,8,0,98,0,0,0,0,0,0,0,0,0,0,0,0
644,53,65,1374,47,0,0,0,0,12,0,53,0,0,0,0,0,0,0,0,0,0,0,0
645,30,32,2476,29,0,0,0,0,2,0,30,0,0,0,0,0,0,0,0,0,0,0,0
646,115,123,618,111,0,0,2,4,2,0,115,0,0,0,0,0,0,0,0,0,0,0,0
647,114,122,644,110,0,0,0,2,6,0,114,0,0,0,0,0,0,2,4,1,0,0,0
648,52,52,1280,52,0,0,0,0,0,0,52,0,0,0,0,0,0,0,0,0,1,1,1
649,86,88,960,85,0,0,0,2,0,0,86,0,0,0,0,0,0,0,0,0,0,0,0
650,42,42,1636,42,0,0,0,0,0,0,42,0,0,0,0,0,0,0,0,0,0,0,0
651,78,84,870,75,0,0,0,4,2,0,78,0,0,0,0,0,0,0,0,0,0,0,0
652,94,102,742,90,0,0,0,4,4,0,94,0,0,0,0,0,0,0,0,0,0,0,0
653,65,69,946,63,0,0,0,0,4,0,65,0,0,0,0,0,0,0,0,0,1,1,1
654,35,43,2068,31,0,0,0,0,8,0,35,0,0,0,0,0,0,0,0,0,0,0,0
655,62,64,1032,61,0,0,0,0,2,0,62,0,0,0,1,1,1,0,0,0,0,0,0
656,79,89,878,74,0,0,0,4,6,0,79,0,0,0,1,1,1,0,0,0,0,0,0
657,65,65,1072,65,0,0,0,0,0,0,65,0,0,0,0,0,0,0,0,0,0,0,0
658,102,108,684,99,0,0,2,0,4,0,102,0,0,0,0,0,0,0,0,0,0,0,0
659,55,55,1446,55,0,0,0,0,0,0,55,0,0,0,0,0,0,0,0,0,0,0,0
660,53,67,1304,47,0,0,4,2,8,0,53,0,0,0,0,0,0,0,0,0,0,0,0
661,57,57,1204,57,0,0,0,0,0,0,57,1,1,1,1,1,1,0,0,0,0,0,0
662,41,49,1776,37,0,0,0,6,2,0,41,0,0,0,0,0,0,0,0,0,0,0,0
663,48,48,1556,48,0,0,0,0,0,0,48,0,0,0,0,0,0,0,0,0,0,0,0
664,69,71,970,68,0,0,0,0,2,0,69,0,0,0,0,0,0,0,0,0,0,0,0
665,78,92,966,71,0,0,0,0,14,0,78,0,0,0,0,0,0,0,0,0,1,1,1
666,42,62,1902,33,0,0,0,2,18,0,42,0,0,0,0,0,0,0,0,0,1,1,1
667,61,61,1018,61,0,0,0,0,0,0,61,0,0,0,0,0,0,0,0,0,0,0,0
668,113,119,570,110,0,0,2,0,4,0,113,0,0,0,0,0,0,0,0,0,0,0,0
669,85,89,842,83,0,0,0,2,2,0,85,0,0,0,0,0,0,0,0,0,0,0,0
670,97,97,712,97,0,0,0,0,0,0,97,0,0,0,0,0,0,1,1,1,0,0,0
671,78,84,778,75,0,0,0,4,2,0,78,0,0,0,0,0,0,0,0,0,1,1,1
672,36,38,2088,35,0,0,0,0,2,0,36,0,0,0,0,0,0,0,0,0,0,0,0
673,101,109,648,97,0,0,0,0,8,0,101,0,0,0,0,0,0,0,0,0,0,0,0
674,68,68,1006,68,0,0,0,0,0,0,68,0,0,0,0,0,0,0,0,0,0,0,0
675,20,20,3538,20,0,0,0,0,0,0,20,0,0,0,0,0,0,0,0,0,0,0,0
676,91,129,930,73,0,0,0,2,36,0,91,1,1,1,0,0,0,0,0,0,0,0,0
677,94,114,834,84,0,0,0,4,16,0,94,0,0,0,0,0,0,0,0,0,0,0,0
678,44,50,1816,41,0,0,0,0,6,0,44,0,0,0,0,0,0,0,0,0,0,0,0
679,44,46,1976,43,0,0,0,2,0,0,44,1,1,1,0,0,0,0,0,0,0,0,0
680,75,79,862,73,0,0,0,0,4,0,75,0,0,0,0,0,0,0,0,0,1,1,1
681,86,92,922,83,0,0,2,4,0,0,86,0,0,0,0,0,0,0,0,0,0,0,0
682,47,55,1660,43,0,0,0,2,6,0,47,1,1,1,0,0,0,0,0,0,0,0,0
683,54,54,1258,54,0,0,0,0,0,0,54,0,0,0,0,0,0,0,0,0,0,0,0
684,90,94,830,88,0,0,0,4,0,0,90,0,0,0,0,0,0,0,0,0,0,0,0
685,61,65,992,59,0,0,0,0,4,0,61,0,0,0,0,0,0,0,0,0,0,0,0
686,65,67,1298,64,0,0,0,0,2,0,65,0,0,0,0,0,0,0,0,0,0,0,0
687,56,68,1296,50,0,0,0,0,12,0,56,0,0,0,0,0,0,0,0,0,0,0,0
688,121,137,556,113,0,0,0,2,14,0,121,0,0,0,0,0,0,0,0,0,0,0,0
689,70,84,1010,63,0,0,0,2,12,0,70,0,0,0,0,0,0,0,0,0,0,0,0
690,81,91,790,76,0,0,0,2,8,0,81,0,0,0,0,0,0,0,0,0,0,0,0
691,69,71,960,68,0,0,0,0,2,0,69,0,0,0,0,0,0,0,0,0,0,0,0
692,62,62,970,62,0,0,0,0,0,0,62,0,0,0,0,0,0,0,0,0,0,0,0
693,70,78,1052,66,0,0,0,0,8,0,70,0,0,0,0,0,0,0,0,0,0,0,0
694,79,81,878,78,0,0,0,0,2,0,79,0,0,0,1,1,1,1,1,1,0,0,0
695,81,95,914,74,0,0,0,10,4,0,81,1,1,1,0,0,0,0,0,0,0,0,0
696,61,71,1156,56,0,0,0,2,8,0,61,0,0,0,0,0,0,0,0,0,0,0,0
697,44,70,2172,33,0,0,0,0,26,0,44,0,0,0,0,0,0,0,0,0,1,1,1
698,68,76,936,64,0,0,0,0,8,0,68,0,0,0,0,0,0,0,0,0,0,0,0
699,54,58,1306,52,0,0,0,0,4,0,54,1,1,1,1,1,1,0,0,0,0,0,0
700,92,130,892,74,0,0,2,8,28,0,92,0,0,0,0,0,0,0,0,0,1,1,1
701,62,68,1210,59,0,0,0,6,0,0,62,0,0,0,0,0,0,0,0,0,0,0,0
702,74,78,884,72,0,0,0,2,2,0,74,0,0,0,0,0,0,0,0,0,1,1,1
703,64,70,1282,61,0,0,0,4,2,0,64,1,1,1,1,1,1,0,0,0,0,0,0
704,50,56,1494,47,0,0,0,0,6,0,50,0,0,0,0,0,0,0,0,0,0,0,0
705,57,61,1162,55,0,0,0,2,2,0,57,0,0,0,0,0,0,0,0,0,0,0,0
706,45,47,1524,44,0,0,0,2,0,0,45,0,0,0,0,0,0,0,0,0,0,0,0
707,82,90,1084,78,0,0,0,4,4,0,82,0,0,0,0,0,0,0,0,0,0,0,0
708,47,47,1444,47,0,0,0,0,0,0,47,0,0,0,0,0,0,0,0,0,0,0,0
709,100,102,796,99,0,0,0,0,2,0,100,0,0,0,0,0,0,1,1,1,0,0,0
710,63,89,1280,50,0,0,0,0,26,0,63,0,0,0,0,0,0,0,0,0,0,0,0
711,95,105,758,90,0,0,0,2,8,0,95,0,0,0,1,1,1,0,0,0,0,0,0
712,139,151,476,133,0,0,2,8,2,0,139,0,0,0,0,0,0,0,0,0,0,0,0
713,89,99,758,84,0,0,0,0,10,0,89,0,0,0,0,0,0,0,0,0,0,0,0
714,52,58,1142,49,0,0,0,6,0,0,52,0,0,0,0,0,0,0,0,0,0,0,0
715,51,51,1318,51,0,0,0,0,0,0,51,0,0,0,0,0,0,0,0,0,0,0,0
716,75,77,1042,74,0,0,0,0,2,0,75,0,0,0,0,0,0,0,0,0,0,0,0
717,87,105,902,78,0,0,0,0,18,0,87,1,1,1,0,0,0,1,1,1,0,0,0
718,93,103,774,88,0,0,0,4,6,0,93,0,0,0,0,0,0,2,4,1,0,0,0
719,15,15,3638,15,0,0,0,0,0,0,15,1,1,1,0,0,0,0,0,0,0,0,0
720,86,88,740,85,0,0,2,0,0,0,86,0,0,0,0,0,0,1,1,1,0,0,0
721,116,140,686,104,0,0,0,8,16,0,116,0,0,0,1,1,1,1,1,1,0,0,0
722,123,133,526,118,0,0,0,6,4,0,123,0,0,0,0,0,0,0,0,0,0,0,0
723,86,96,800,81,0,0,0,0,10,0,86,0,0,0,0,0,0,0,0,0,0,0,0
724,61,63,1090,60,0,0,0,0,2,0,61,0,0,0,0,0,0,0,0,0,1,1,1
725,114,118,576,112,0,0,0,2,2,0,114,0,0,0,0,0,0,0,0,0,0,0,0
726,68,72,888,66,0,0,0,0,4,0,68,0,0,0,0,0,0,0,0,0,0,0,0
727,78,80,848,77,0,0,0,0,2,0,78,0,0,0,0,0,0,0,0,0,0,0,0
728,48,50,1326,47,0,0,0,0,2,0,48,0,0,0,0,0,0,0,0,0,0,0,0
729,106,118,704,100,0,0,2,0,10,0,106,0,0,0,0,0,0,1,1,1,0,0,0
730,108,112,574,106,0,0,0,4,0,0,108,0,0,0,1,1,1,0,0,0,0,0,0
731,74,76,876,73,0,0,0,0,2,0,74,0,0,0,0,0,0,0,0,0,0,0,0
732,42,46,1608,40,0,0,0,2,2,0,42,0,0,0,0,0,0,0,0,0,0,0,0
733,56,56,1178,56,0,0,0,0,0,0,56,0,0,0,0,0,0,0,0,0,0,0,0
734,41,45,1680,39,0,0,0,0,4,0,41,0,0,0,0,0,0,0,0,0,0,0,0
735,86,130,964,68,0,0,0,8,36,0,86,0,0,0,0,0,0,0,0,0,0,0,0
736,82,86,832,80,0,0,0,2,2,0,82,0,0,0,1,1,1,0,0,0,0,0,0
737,111,145,808,95,0,0,0,4,30,0,111,0,0,0,0,0,0,0,0,0,0,0,0
738,89,91,790,88,0,0,0,2,0,0,89,0,0,0,0,0,0,0,0,0,1,1,1
739,43,59,2200,37,0,0,0,0,16,0,43,0,0,0,0,0,0,0,0,0,0,0,0
740,67,67,912,67,0,0,0,0,0,0,67,0,0,0,0,0,0,0,0,0,0,0,0
741,44,44,1534,44,0,0,0,0,0,0,44,0,0,0,0,0,0,0,0,0,0,0,0
742,63,65,1052,62,0,0,0,2,0,0,63,0,0,0,0,0,0,0,0,0,0,0,0
743,66,78,1262,60,0,0,2,4,6,0,66,0,0,0,0,0,0,0,0,0,0,0,0
744,64,70,1018,61,0,0,0,4,2,0,64,0,0,0,0,0,0,0,0,0,0,0,0
745,107,117,604,102,0,0,0,0,10,0,107,0,0,0,0,0,0,0,0,0,0,0,0
746,80,102,1008,69,0,0,0,0,22,0,80,0,0,0,0,0,0,1,1,1,0,0,0
747,72,74,866,71,0,0,0,0,2,0,72,0,0,0,0,0,0,0,0,0,0,0,0
748,38,40,1780,37,0,0,0,0,2,0,38,0,0,0,0,0,0,0,0,0,0,0,0
749,47,55,1794,43,0,0,0,2,6,0,47,0,0,0,0,0,0,0,0,0,0,0,0
750,57,63,1244,54,0,0,0,0,6,0,57,0,0,0,0,0,0,0,0,0,0,0,0
751,66,78,1006,60,0,0,0,4,8,0,66,0,0,0,0,0,0,0,0,0,0,0,0
752,47,59,1690,41,0,0,0,0,12,0,47,0,0,0,0,0,0,0,0,0,0,0,0
753,28,32,2464,26,0,0,0,0,4,0,28,2,4,1,0,0,0,0,0,0,0,0,0
754,51,53,1274,50,0,0,0,0,2,0,51,0,0,0,0,0,0,0,0,0,0,0,0
755,65,77,1220,60,0,0,0,10,2,0,65,0,0,0,1,1,1,0,0,0,0,0,0
756,45,57,1758,39,0,0,0,0,12,0,45,1,1,1,0,0,0,0,0,0,0,0,0
757,118,122,580,116,0,0,0,2,2,0,118,0,0,0,1,1,1,0,0,0,0,0,0
758,37,39,1934,36,0,0,0,2,0,0,37,0,0,0,0,0,0,0,0,0,0,0,0
759,64,66,952,63,0,0,0,0,2,0,64,0,0,0,0,0,0,0,0,0,0,0,0
760,85,121,900,68,0,0,0,6,30,0,85,0,0,0,0,0,0,0,0,0,0,0,0
761,89,93,694,87,0,0,0,0,4,0,89,0,0,0,0,0,0,0,0,0,0,0,0
762,66,72,1068,63,0,0,0,2,4,0,66,0,0,0,0,0,0,0,0,0,0,0,0
763,71,89,1002,63,0,0,0,0,18,0,71,0,0,0,0,0,0,0,0,0,0,0,0
764,73,75,1034,72,0,0,0,0,2,0,73,0,0,0,0,0,0,0,0,0,0,0,0
765,100,108,756,96,0,0,2,4,2,0,100,0,0,0,0,0,0,0,0,0,1,1,1
766,90,94,696,88,0,0,0,2,2,0,90,0,0,0,0,0,0,0,0,0,1,1,1
767,62,66,942,60,0,0,0,0,4,0,62,0,0,0,0,0,0,0,0,0,0,0,0
768,45,45,1638,45,0,0,0,0,0,0,45,1,1,1,0,0,0,0,0,0,0,0,0
769,63,63,1074,63,0,0,0,0,0,0,63,0,0,0,0,0,0,0,0,0,0,0,0
770,30,46,3016,23,0,0,0,2,14,0,30,0,0,0,0,0,0,0,0,0,0,0,0
771,108,114,638,105,0,0,0,4,2,0,108,0,0,0,0,0,0,1,1,1,0,0,0
772,60,68,1262,56,0,0,0,6,2,0,60,0,0,0,0,0,0,0,0,0,0,0,0
773,65,77,992,59,0,0,0,2,10,0,65,0,0,0,0,0,0,0,0,0,0,0,0
774,72,80,922,68,0,0,2,0,6,0,72,0,0,0,0,0,0,0,0,0,0,0,0
775,57,61,1178,55,0,0,0,0,4,0,57,0,0,0,0,0,0,0,0,0,0,0,0
776,57,59,1484,56,0,0,0,2,0,0,57,0,0,0,0,0,0,0,0,0,0,0,0
777,24,24,2430,24,0,0,0,0,0,0,24,1,1,1,0,0,0,0,0,0,0,0,0
778,56,56,1148,56,0,0,0,0,0,0,56,0,0,0,0,0,0,0,0,0,0,0,0
779,60,66,1244,57,0,0,2,0,4,0,60,0,0,0,0,0,0,0,0,0,2,4,1
780,50,50,1388,50,0,0,0,0,0,0,50,0,0,0,0,0,0,0,0,0,0,0,0
781,55,59,1362,53,0,0,0,0,4,0,55,0,0,0,0,0,0,0,0,0,0,0,0
782,84,88,812,82,0,0,0,2,2,0,84,0,0,0,0,0,0,0,0,0,0,0,0
783,100,102,568,99,0,0,0,2,0,0,100,0,0,0,0,0,0,0,0,0,0,0,0
784,50,52,1372,49,0,0,0,0,2,0,50,0,0,0,0,0,0,0,0,0,0,0,0
785,61,63,986,60,0,0,0,0,2,0,61,0,0,0,0,0,0,0,0,0,0,0,0
786,23,23,3004,23,0,0,0,0,0,0,23,1,1,1,0,0,0,0,0,0,0,0,0
787,29,33,2094,27,0,0,0,2,2,0,29,0,0,0,0,0,0,0,0,0,0,0,0
788,73,87,1112,66,0,0,0,2,12,0,73,0,0,0,0,0,0,0,0,0,0,0,0
789,69,77,1006,65,0,0,0,2,6,0,69,0,0,0,1,1,1,1,1,1,0,0,0
790,100,128,744,87,0,0,0,4,24,0,100,0,0,0,0,0,0,0,0,0,0,0,0
791,87,89,738,86,0,0,0,0,2,0,87,0,0,0,0,0,0,0,0,0,0,0,0
792,97,107,776,92,0,0,2,0,8,0,97,0,0,0,0,0,0,0,0,0,0,0,0
793,45,45,1384,45,0,0,0,0,0,0,45,0,0,0,0,0,0,0,0,0,0,0,0
794,20,20,4786,20,0,0,0,0,0,0,20,0,0,0,0,0,0,0,0,0,0,0,0
795,32,32,2176,32,0,0,0,0,0,0,32,0,0,0,0,0,0,0,0,0,0,0,0
796,98,108,774,93,0,0,0,2,8,0,98,0,0,0,0,0,0,0,0,0,0,0,0
797,71,81,1042,66,0,0,0,0,10,0,71,0,0,0,0,0,0,0,0,0,0,0,0
798,119,137,620,110,0,0,2,4,12,0,119,0,0,0,1,1,1,2,4,1,0,0,0
799,92,98,882,89,0,0,2,2,2,0,92,0,0,0,0,0,0,0,0,0,0,0,0
800,62,62,900,62,0,0,0,0,0,0,62,0,0,0,0,0,0,0,0,0,0,0,0
801,76,78,930,75,0,0,0,2,0,0,76,0,0,0,0,0,0,0,0,0,0,0,0
802,57,57,1102,57,0,0,0,0,0,0,57,0,0,0,0,0,0,0,0,0,0,0,0
803,33,33,2040,33,0,0,0,0,0,0,33,0,0,0,0,0,0,0,0,0,0,0,0
804,66,74,1074,62,0,0,0,0,8,0,66,0,0,0,0,0,0,0,0,0,0,0,0
805,55,55,1110,55,0,0,0,0,0,0,55,0,0,0,0,0,0,0,0,0,1,1,1
806,39,41,1800,38,0,0,0,0,2,0,39,1,1,1,0,0,0,0,0,0,0,0,0
807,72,96,1140,60,0,0,0,0,24,0,72,0,0,0,0,0,0,0,0,0,0,0,0
808,76,80,838,74,0,0,2,2,0,0,76,0,0,0,0,0,0,0,0,0,0,0,0
809,43,45,1540,42,0,0,0,2,0,0,43,1,1,1,0,0,0,0,0,0,0,0,0
810,53,55,1386,52,0,0,0,0,2,0,53,0,0,0,0,0,0,0,0,0,0,0,0
811,70,78,944,66,0,0,0,0,8,0,70,0,0,0,0,0,0,0,0,0,0,0,0
812,65,65,1236,65,0,0,0,0,0,0,65,0,0,0,1,1,1,0,0,0,0,0,0
813,61,67,984,58,0,0,0,2,4,0,61,0,0,0,0,0,0,0,0,0,0,0,0
814,57,57,1140,57,0,0,0,0,0,0,57,0,0,0,0,0,0,0,0,0,0,0,0
815,101,115,800,94,0,0,0,2,12,0,101,0,0,0,0,0,0,1,1,1,0,0,0
816,92,92,640,92,0,0,0,0,0,0,92,0,0,0,1,1,1,0,0,0,0,0,0
817,30,30,3190,30,0,0,0,0,0,0,30,1,1,1,0,0,0,0,0,0,0,0,0
818,74,76,844,73,0,0,0,2,0,0,74,0,0,0,0,0,0,1,1,1,0,0,0
819,63,93,1172,52,0,0,0,8,22,0,63,0,0,0,0,0,0,0,0,0,2,4,1
820,85,103,900,76,0,0,0,0,18,0,85,0,0,0,0,0,0,0,0,0,0,0,0
821,93,97,654,91,0,0,0,2,2,0,93,0,0,0,0,0,0,0,0,0,0,0,0
822,61,63,1128,60,0,0,0,2,0,0,61,0,0,0,0,0,0,0,0,0,0,0,0
823,80,86,758,77,0,0,0,2,4,0,80,0,0,0,1,1,1,0,0,0,0,0,0
824,68,80,1196,62,0,0,0,0,12,0,68,0,0,0,0,0,0,0,0,0,1,1,1
825,26,26,3000,26,0,0,0,0,0,0,26,0,0,0,0,0,0,0,0,0,0,0,0
826,94,100,678,91,0,0,0,0,6,0,94,0,0,0,0,0,0,0,0,0,1,1,1
827,61,77,1620,53,0,0,0,0,16,0,61,1,1,1,0,0,0,1,1,1,0,0,0
828,40,40,1490,40,0,0,0,0,0,0,40,1,1,1,0,0,0,0,0,0,0,0,0
829,63,95,1276,47,0,0,0,8,24,0,63,0,0,0,0,0,0,0,0,0,0,0,0
830,74,84,1096,70,0,0,0,6,4,0,74,0,0,0,0,0,0,0,0,0,0,0,0
831,48,58,1612,43,0,0,0,2,8,0,48,0,0,0,0,0,0,0,0,0,0,0,0
832,100,106,626,97,0,0,0,2,4,0,100,0,0,0,0,0,0,0,0,0,0,0,0
833,64,78,1138,57,0,0,0,0,14,0,64,0,0,0,0,0,0,0,0,0,0,0,0
834,106,112,672,103,0,0,0,4,2,0,106,0,0,0,0,0,0,1,1,1,0,0,0
835,75,111,1110,61,0,0,4,0,32,0,75,0,0,0,0,0,0,1,1,1,2,4,1
836,77,79,1010,76,0,0,0,2,0,0,77,0,0,0,0,0,0,0,0,0,0,0,0
837,122,122,490,122,0,0,0,0,0,0,122,0,0,0,1,1,1,0,0,0,0,0,0
838,92,96,708,90,0,0,0,2,2,0,92,0,0,0,0,0,0,0,0,0,0,0,0
839,64,80,1246,56,0,0,0,0,16,0,64,0,0,0,0,0,0,0,0,0,0,0,0
840,104,104,600,104,0,0,0,0,0,0,104,0,0,0,0,0,0,0,0,0,0,0,0
841,50,50,1320,50,0,0,0,0,0,0,50,0,0,0,0,0,0,0,0,0,0,0,0
842,111,153,814,93,0,0,0,8,34,0,111,0,0,0,0,0,0,0,0,0,0,0,0
843,82,86,778,80,0,0,0,2,2,0,82,0,0,0,0,0,0,0,0,0,0,0,0
844,79,101,1006,68,0,0,0,0,22,0,79,0,0,0,2,4,1,0,0,0,2,4,1
845,38,38,1672,38,0,0,0,0,0,0,38,0,0,0,0,0,0,0,0,0,0,0,0
846,68,76,964,64,0,0,0,2,6,0,68,0,0,0,0,0,0,0,0,0,0,0,0
847,94,100,800,91,0,0,0,2,4,0,94,0,0,0,0,0,0,0,0,0,0,0,0
848,76,78,806,75,0,0,0,0,2,0,76,0,0,0,1,1,1,0,0,0,0,0,0
849,52,56,1396,50,0,0,0,0,4,0,52,0,0,0,1,1,1,0,0,0,0,0,0
850,115,137,638,104,0,0,4,12,6,0,115,0,0,0,0,0,0,0,0,0,0,0,0
851,71,79,876,67,0,0,0,0,8,0,71,0,0,0,0,0,0,0,0,0,0,0,0
852,63,89,1348,50,0,0,0,0,26,0,63,0,0,0,0,0,0,0,0,0,0,0,0
853,52,54,1326,51,0,0,0,0,2,0,52,0,0,0,0,0,0,0,0,0,0,0,0
854,68,84,994,61,0,0,0,8,8,0,68,0,0,0,0,0,0,0,0,0,0,0,0
855,69,71,848,68,0,0,0,0,2,0,69,0,0,0,0,0,0,1,1,1,0,0,0
856,106,122,716,99,0,0,2,6,8,0,106,0,0,0,0,0,0,1,1,1,0,0,0
857,111,139,632,97,0,0,0,2,26,0,111,0,0,0,0,0,0,0,0,0,0,0,0
858,81,91,852,76,0,0,0,0,10,0,81,0,0,0,0,0,0,0,0,0,0,0,0
859,84,98,976,77,0,0,0,0,14,0,84,0,0,0,0,0,0,0,0,0,1,1,1
860,69,73,992,67,0,0,0,2,2,0,69,0,0,0,0,0,0,0,0,0,0,0,0
861,49,57,1554,45,0,0,0,2,6,0,49,0,0,0,0,0,0,0,0,0,0,0,0
862,92,116,800,81,0,0,0,0,24,0,92,0,0,0,1,1,1,0,0,0,0,0,0
863,76,76,1076,76,0,0,0,0,0,0,76,0,0,0,0,0,0,0,0,0,0,0,0
864,83,97,826,76,0,0,0,12,2,0,83,0,0,0,0,0,0,0,0,0,1,1,1
865,88,96,780,84,0,0,0,8,0,0,88,0,0,0,0,0,0,0,0,0,0,0,0
866,93,93,722,93,0,0,0,0,0,0,93,0,0,0,0,0,0,0,0,0,0,0,0
867,90,98,758,87,0,0,0,2,6,0,90,0,0,0,1,1,1,0,0,0,0,0,0
868,29,41,2430,23,0,0,0,0,12,0,29,1,1,1,0,0,0,0,0,0,1,1,1
869,54,78,1418,43,0,0,0,4,20,0,54,0,0,0,0,0,0,0,0,0,0,0,0
870,91,101,720,86,0,0,0,0,10,0,91,0,0,0,0,0,0,0,0,0,1,1,1
871,50,58,1486,46,0,0,0,0,8,0,50,0,0,0,0,0,0,0,0,0,0,0,0
872,113,117,578,111,0,0,0,2,2,0,113,0,0,0,0,0,0,0,0,0,0,0,0
873,120,140,548,110,0,0,2,6,12,0,120,0,0,0,0,0,0,0,0,0,0,0,0
874,85,89,780,83,0,0,0,2,2,0,85,0,0,0,0,0,0,0,0,0,0,0,0
875,87,89,730,86,0,0,0,2,0,0,87,0,0,0,0,0,0,1,1,1,0,0,0
876,92,120,776,78,0,0,0,8,20,0,92,0,0,0,0,0,0,1,1,1,1,1,1
877,36,36,1832,36,0,0,0,0,0,0,36,0,0,0,0,0,0,0,0,0,0,0,0
878,36,38,1816,35,0,0,0,0,2,0,36,0,0,0,0,0,0,0,0,0,0,0,0
879,66,66,964,66,0,0,0,0,0,0,66,0,0,0,0,0,0,0,0,0,0,0,0
880,63,69,1238,60,0,0,0,2,4,0,63,0,0,0,0,0,0,0,0,0,0,0,0
881,75,77,852,74,0,0,0,2,0,0,75,0,0,0,0,0,0,0,0,0,0,0,0
882,124,142,556,115,0,0,0,6,12,0,124,0,0,0,1,1,1,0,0,0,0,0,0
883,64,86,1358,53,0,0,0,0,22,0,64,0,0,0,0,0,0,0,0,0,0,0,0
884,68,68,962,68,0,0,0,0,0,0,68,0,0,0,0,0,0,0,0,0,0,0,0
885,58,68,1258,54,0,0,4,0,6,0,58,0,0,0,0,0,0,0,0,0,0,0,0
886,133,145,482,127,0,0,2,6,4,0,133,0,0,0,0,0,0,0,0,0,0,0,0
887,84,102,880,76,0,0,0,0,18,0,84,0,0,0,0,0,0,0,0,0,0,0,0
888,58,64,1436,55,0,0,0,0,6,0,58,0,0,0,0,0,0,0,0,0,0,0,0
889,75,83,866,71,0,0,0,2,6,0,75,0,0,0,0,0,0,0,0,0,0,0,0
890,67,81,1098,60,0,0,0,0,14,0,67,0,0,0,0,0,0,0,0,0,0,0,0
891,31,35,2580,29,0,0,0,4,0,0,31,2,4,1,0,0,0,0,0,0,0,0,0
892,48,48,1526,48,0,0,0,0,0,0,48,1,1,1,0,0,0,1,1,1,0,0,0
893,90,110,814,80,0,0,0,0,20,0,90,0,0,0,1,1,1,0,0,0,0,0,0
894,57,71,1494,50,0,0,0,4,10,0,57,0,0,0,0,0,0,0,0,0,1,1,1
895,71,79,882,67,0,0,0,0,8,0,71,0,0,0,0,0,0,0,0,0,0,0,0
896,31,31,2136,31,0,0,0,0,0,0,31,0,0,0,0,0,0,0,0,0,0,0,0
897,45,45,1440,45,0,0,0,0,0,0,45,0,0,0,0,0,0,0,0,0,0,0,0
898,82,106,986,73,0,0,0,10,14,0,82,0,0,0,0,0,0,0,0,0,0,0,0
899,106,108,682,105,0,0,0,0,2,0,106,0,0,0,1,1,1,0,0,0,0,0,0
900,82,82,870,82,0,0,0,0,0,0,82,0,0,0,0,0,0,1,1,1,0,0,0
901,90,92,724,89,0,0,0,2,0,0,90,0,0,0,0,0,0,0,0,0,0,0,0
902,105,115,570,100,0,0,0,8,2,0,105,0,0,0,0,0,0,1,1,1,0,0,0
903,125,139,592,118,0,0,2,2,10,0,125,0,0,0,0,0,0,1,1,1,0,0,0
904,87,97,972,82,0,0,0,0,10,0,87,0,0,0,0,0,0,1,1,1,0,0,0
905,106,112,596,103,0,0,0,4,2,0,106,0,0,0,0,0,0,0,0,0,0,0,0
906,40,46,1914,37,0,0,0,0,6,0,40,0,0,0,0,0,0,0,0,0,0,0,0
907,29,33,2604,27,0,0,0,2,2,0,29,0,0,0,0,0,0,0,0,0,0,0,0
908,70,72,982,69,0,0,0,0,2,0,70,0,0,0,0,0,0,0,0,0,0,0,0
909,109,125,622,101,0,0,2,4,10,0,109,0,0,0,1,1,1,0,0,0,0,0,0
910,73,75,938,72,0,0,0,2,0,0,73,0,0,0,0,0,0,0,0,0,0,0,0
911,55,67,1374,49,0,0,0,2,10,0,55,1,1,1,0,0,0,0,0,0,0,0,0
912,53,53,1194,53,0,0,0,0,0,0,53,0,0,0,0,0,0,0,0,0,0,0,0
913,30,34,2760,28,0,0,0,2,2,0,30,0,0,0,0,0,0,0,0,0,0,0,0
914,31,31,2136,31,0,0,0,0,0,0,31,0,0,0,0,0,0,0,0,0,0,0,0
915,42,62,1862,32,0,0,0,0,20,0,42,0,0,0,0,0,0,0,0,0,0,0,0
916,54,58,1292,52,0,0,0,0,4,0,54,0,0,0,0,0,0,0,0,0,0,0,0
917,67,67,944,67,0,0,0,0,0,0,67,0,0,0,0,0,0,0,0,0,0,0,0
918,87,103,992,80,0,0,0,4,12,0,87,0,0,0,0,0,0,1,1,1,0,0,0
919,72,72,870,72,0,0,0,0,0,0,72,0,0,0,0,0,0,0,0,0,0,0,0
920,76,80,860,74,0,0,0,2,2,0,76,0,0,0,0,0,0,0,0,0,0,0,0
921,88,94,982,85,0,0,0,6,0,0,88,0,0,0,0,0,0,0,0,0,0,0,0
922,52,54,1262,51,0,0,0,0,2,0,52,0,0,0,0,0,0,0,0,0,0,0,0
923,79,87,892,75,0,0,0,0,8,0,79,0,0,0,0,0,0,0,0,0,0,0,0
924,65,65,954,65,0,0,0,0,0,0,65,1,1,1,0,0,0,0,0,0,0,0,0
925,36,36,1822,36,0,0,0,0,0,0,36,1,1,1,0,0,0,0,0,0,0,0,0
926,52,54,1418,51,0,0,0,0,2,0,52,0,0,0,0,0,0,0,0,0,0,0,0
927,102,106,696,100,0,0,0,2,2,0,102,0,0,0,0,0,0,0,0,0,0,0,0
928,44,44,1616,44,0,0,0,0,0,0,44,0,0,0,0,0,0,0,0,0,0,0,0
929,61,63,1068,60,0,0,0,0,2,0,61,0,0,0,1,1,1,0,0,0,0,0,0
930,70,86,1140,62,0,0,0,4,12,0,70,0,0,0,0,0,0,0,0,0,0,0,0
931,74,98,1134,62,0,0,0,4,20,0,74,1,1,1,0,0,0,2,4,1,0,0,0
932,129,141,552,123,0,0,0,12,0,0,129,0,0,0,0,0,0,0,0,0,0,0,0
933,48,56,1480,44,0,0,0,0,8,0,48,0,0,0,0,0,0,0,0,0,0,0,0
934,55,55,1292,55,0,0,0,0,0,0,55,0,0,0,0,0,0,0,0,0,0,0,0
935,50,56,1542,47,0,0,0,0,6,0,50,0,0,0,0,0,0,0,0,0,0,0,0
936,101,113,698,95,0,0,0,4,8,0,101,1,1,1,0,0,0,1,1,1,0,0,0
937,97,131,790,80,0,0,0,0,34,0,97,0,0,0,0,0,0,0,0,0,0,0,0
938,110,130,742,101,0,0,0,10,10,0,110,1,1,1,0,0,0,0,0,0,0,0,0
939,27,27,2136,27,0,0,0,0,0,0,27,1,1,1,0,0,0,0,0,0,0,0,0
940,72,94,1112,62,0,0,0,0,22,0,72,1,1,1,0,0,0,0,0,0,0,0,0
941,64,68,1074,62,0,0,0,0,4,0,64,0,0,0,0,0,0,0,0,0,1,1,1
942,30,30,2414,30,0,0,0,0,0,0,30,1,1,1,0,0,0,0,0,0,0,0,0
943,73,83,958,68,0,0,0,8,2,0,73,0,0,0,0,0,0,0,0,0,0,0,0
944,88,90,818,87,0,0,0,2,0,0,88,0,0,0,0,0,0,0,0,0,0,0,0
945,63,63,1076,63,0,0,0,0,0,0,63,0,0,0,0,0,0,0,0,0,0,0,0
946,71,81,1108,66,0,0,0,8,2,0,71,0,0,0,0,0,0,0,0,0,0,0,0
947,99,111,770,94,0,0,2,4,6,0,99,0,0,0,0,0,0,0,0,0,0,0,0
948,76,78,862,75,0,0,0,2,0,0,76,0,0,0,0,0,0,0,0,0,0,0,0
949,90,124,908,74,0,0,0,2,32,0,90,1,1,1,0,0,0,0,0,0,0,0,0
950,34,34,2090,34,0,0,0,0,0,0,34,0,0,0,1,1,1,0,0,0,0,0,0
951,96,108,760,90,0,0,0,6,6,0,96,0,0,0,0,0,0,0,0,0,0,0,0
952,45,45,1726,45,0,0,0,0,0,0,45,0,0,0,0,0,0,0,0,0,0,0,0
953,68,88,1198,58,0,0,0,0,20,0,68,0,0,0,0,0,0,0,0,0,0,0,0
954,97,99,604,96,0,0,0,0,2,0,97,0,0,0,1,1,1,0,0,0,0,0,0
955,16,16,4976,16,0,0,0,0,0,0,16,1,1,1,0,0,0,0,0,0,0,0,0
956,55,69,1344,48,0,0,0,0,14,0,55,0,0,0,1,1,1,0,0,0,1,1,1
957,85,95,940,80,0,0,0,0,10,0,85,0,0,0,1,1,1,0,0,0,0,0,0
958,86,96,808,81,0,0,0,0,10,0,86,0,0,0,0,0,0,0,0,0,0,0,0
959,85,101,822,78,0,0,2,4,10,0,85,0,0,0,0,0,0,0,0,0,0,0,0
960,65,75,1036,60,0,0,0,0,10,0,65,0,0,0,0,0,0,0,0,0,0,0,0
961,100,102,588,99,0,0,0,0,2,0,100,0,0,0,0,0,0,0,0,0,0,0,0
962,61,83,1406,50,0,0,2,6,14,0,61,0,0,0,0,0,0,0,0,0,0,0,0
963,103,135,832,90,0,0,0,20,12,0,103,0,0,0,0,0,0,0,0,0,0,0,0
964,56,56,1042,56,0,0,0,0,0,0,56,0,0,0,0,0,0,0,0,0,0,0,0
965,36,38,1950,35,0,0,0,2,0,0,36,0,0,0,0,0,0,0,0,0,1,1,1
966,80,94,794,74,0,0,0,2,12,0,80,0,0,0,0,0,0,0,0,0,0,0,0
967,88,92,888,86,0,0,0,0,4,0,88,0,0,0,0,0,0,0,0,0,0,0,0
968,83,83,796,83,0,0,0,0,0,0,83,0,0,0,1,1,1,0,0,0,0,0,0
969,58,80,1298,47,0,0,0,0,22,0,58,0,0,0,0,0,0,0,0,0,0,0,0
970,43,45,1510,42,0,0,0,2,0,0,43,1,1,1,0,0,0,0,0,0,0,0,0
971,64,66,1080,63,0,0,0,0,2,0,64,0,0,0,1,1,1,0,0,0,0,0,0
972,61,73,1176,55,0,0,0,0,12,0,61,0,0,0,0,0,0,0,0,0,0,0,0
973,77,77,810,77,0,0,0,0,0,0,77,0,0,0,0,0,0,0,0,0,0,0,0
974,94,100,716,91,0,0,0,0,6,0,94,0,0,0,0,0,0,0,0,0,0,0,0
975,76,84,956,72,0,0,0,6,2,0,76,0,0,0,0,0,0,0,0,0,0,0,0
976,89,95,748,87,0,0,0,4,2,0,89,0,0,0,0,0,0,0,0,0,0,0,0
977,80,110,1038,67,0,0,0,4,26,0,80,0,0,0,0,0,0,0,0,0,0,0,0
978,48,50,1292,47,0,0,0,0,2,0,48,0,0,0,0,0,0,0,0,0,0,0,0
979,61,61,1088,61,0,0,0,0,0,0,61,0,0,0,1,1,1,0,0,0,0,0,0
980,49,49,1330,49,0,0,0,0,0,0,49,0,0,0,1,1,1,0,0,0,0,0,0
981,40,40,1656,40,0,0,0,0,0,0,40,0,0,0,0,0,0,0,0,0,0,0,0
982,68,70,1002,67,0,0,0,0,2,0,68,0,0,0,1,1,1,0,0,0,0,0,0
983,95,103,702,91,0,0,0,0,8,0,95,0,0,0,0,0,0,0,0,0,0,0,0
984,73,75,800,72,0,0,0,2,0,0,73,0,0,0,0,0,0,0,0,0,0,0,0
985,119,157,656,101,0,0,0,10,28,0,119,0,0,0,1,1,1,0,0,0,1,1,1
986,70,74,958,68,0,0,0,2,2,0,70,0,0,0,0,0,0,0,0,0,0,0,0
987,70,72,1004,69,0,0,0,2,0,0,70,0,0,0,0,0,0,0,0,0,1,1,1
988,108,124,666,100,0,0,0,2,14,0,108,0,0,0,0,0,0,1,1,1,1,1,1
989,99,121,716,88,0,0,0,0,22,0,99,0,0,0,0,0,0,1,1,1,0,0,0
990,81,83,758,80,0,0,0,0,2,0,81,0,0,0,0,0,0,1,1,1,0,0,0
991,62,64,1034,61,0,0,0,0,2,0,62,0,0,0,0,0,0,0,0,0,0,0,0
992,52,74,1602,41,0,0,0,0,22,0,52,0,0,0,0,0,0,0,0,0,0,0,0
993,78,88,924,73,0,0,0,0,10,0,78,0,0,0,0,0,0,0,0,0,0,0,0
994,27,27,2812,27,0,0,0,0,0,0,27,0,0,0,0,0,0,0,0,0,0,0,0
995,36,36,1738,36,0,0,0,0,0,0,36,1,1,1,0,0,0,0,0,0,0,0,0
996,63,83,1636,53,0,0,0,6,14,0,63,0,0,0,0,0,0,0,0,0,0,0,0
997,65,85,1330,56,0,0,0,0,20,0,65,0,0,0,0,0,0,0,0,0,0,0,0
998,44,46,1640,43,0,0,0,2,0,0,44,0,0,0,0,0,0,0,0,0,0,0,0
999,91,91,746,91,0,0,0,0,0,0,91,0,0,0,0,0,0,0,0,0,0,0,0
